,GAME_ID,PLAYER_ID,PLAYER_NAME_LAST_FIRST_home,TEAM_NAME_home,TEAM_ID_home,TEAM_ABBREVIATION_home,PASS_TYPE_home,G_home,PASS_TO_home,PASS_TEAMMATE_PLAYER_ID_home,FREQUENCY_home,PASS_home,AST_home,FGM_home,FGA_home,FG_PCT_home,FG2M_home,FG2A_home,FG2_PCT_home,FG3M_home,FG3A_home,FG3_PCT_home,PLAYER_NAME_LAST_FIRST_away,TEAM_NAME_away,TEAM_ID_away,TEAM_ABBREVIATION_away,PASS_TYPE_away,G_away,PASS_TO_away,PASS_TEAMMATE_PLAYER_ID_away,FREQUENCY_away,PASS_away,AST_away,FGM_away,FGA_away,FG_PCT_away,FG2M_away,FG2A_away,FG2_PCT_away,FG3M_away,FG3A_away,FG3_PCT_away,TEAM_ID,TEAM_ABBREVIATION,TEAM_CITY,PLAYER_NAME,NICKNAME,START_POSITION,COMMENT,MIN,FGM,FGA,FG_PCT,FG3M,FG3A,FG3_PCT,FTM,FTA,FT_PCT,OREB,DREB,REB,AST,STL,BLK,TO,PF,PTS,PLUS_MINUS,POSITION,mean,std
0,41900311,2544,"James, LeBron",Los Angeles Lakers,1610612747,LAL,made,1,"Kuzma, Kyle",1628398,0.058,3,1,1,1,1.0,1,1,1.0,0,0,0.0,,,,,,,,,,,,,,,,,,,,,1610612747,LAL,Los Angeles,LeBron James,nan,F,nan,30:54:00,6.0,11.0,0.545,0.0,2.0,0.0,3.0,4.0,0.75,1.0,5.0,6.0,12.0,0.0,0.0,3.0,2.0,15.0,15.0,Forward,0.08277631578947353,0.09808825939951168
1,41900311,2544,"James, LeBron",Los Angeles Lakers,1610612747,LAL,made,1,"Caruso, Alex",1627936,0.096,5,0,1,1,1.0,1,1,1.0,0,0,0.0,,,,,,,,,,,,,,,,,,,,,1610612747,LAL,Los Angeles,LeBron James,nan,F,nan,30:54:00,6.0,11.0,0.545,0.0,2.0,0.0,3.0,4.0,0.75,1.0,5.0,6.0,12.0,0.0,0.0,3.0,2.0,15.0,15.0,Forward,0.08277631578947353,0.09808825939951168
2,41900311,2544,"James, LeBron",Los Angeles Lakers,1610612747,LAL,made,1,"Caldwell-Pope, Kentavious",203484,0.115,6,3,3,4,0.75,1,1,1.0,2,3,0.667,,,,,,,,,,,,,,,,,,,,,1610612747,LAL,Los Angeles,LeBron James,nan,F,nan,30:54:00,6.0,11.0,0.545,0.0,2.0,0.0,3.0,4.0,0.75,1.0,5.0,6.0,12.0,0.0,0.0,3.0,2.0,15.0,15.0,Forward,0.08277631578947353,0.09808825939951168
3,41900311,2544,"James, LeBron",Los Angeles Lakers,1610612747,LAL,made,1,"Davis, Anthony",203076,0.346,18,3,4,13,0.308,3,10,0.3,1,3,0.333,,,,,,,,,,,,,,,,,,,,,1610612747,LAL,Los Angeles,LeBron James,nan,F,nan,30:54:00,6.0,11.0,0.545,0.0,2.0,0.0,3.0,4.0,0.75,1.0,5.0,6.0,12.0,0.0,0.0,3.0,2.0,15.0,15.0,Forward,0.08277631578947353,0.09808825939951168
4,41900311,2544,"James, LeBron",Los Angeles Lakers,1610612747,LAL,made,1,"Morris, Markieff",202693,0.096,5,2,2,2,1.0,0,0,0.0,2,2,1.0,,,,,,,,,,,,,,,,,,,,,1610612747,LAL,Los Angeles,LeBron James,nan,F,nan,30:54:00,6.0,11.0,0.545,0.0,2.0,0.0,3.0,4.0,0.75,1.0,5.0,6.0,12.0,0.0,0.0,3.0,2.0,15.0,15.0,Forward,0.08277631578947353,0.09808825939951168
5,41900311,2544,"James, LeBron",Los Angeles Lakers,1610612747,LAL,made,1,"Green, Danny",201980,0.096,5,1,1,2,0.5,1,1,1.0,0,1,0.0,,,,,,,,,,,,,,,,,,,,,1610612747,LAL,Los Angeles,LeBron James,nan,F,nan,30:54:00,6.0,11.0,0.545,0.0,2.0,0.0,3.0,4.0,0.75,1.0,5.0,6.0,12.0,0.0,0.0,3.0,2.0,15.0,15.0,Forward,0.08277631578947353,0.09808825939951168
6,41900311,2544,"James, LeBron",Los Angeles Lakers,1610612747,LAL,made,1,"McGee, JaVale",201580,0.019,1,0,0,0,0.0,0,0,0.0,0,0,0.0,,,,,,,,,,,,,,,,,,,,,1610612747,LAL,Los Angeles,LeBron James,nan,F,nan,30:54:00,6.0,11.0,0.545,0.0,2.0,0.0,3.0,4.0,0.75,1.0,5.0,6.0,12.0,0.0,0.0,3.0,2.0,15.0,15.0,Forward,0.08277631578947353,0.09808825939951168
7,41900311,2544,"James, LeBron",Los Angeles Lakers,1610612747,LAL,made,1,"Rondo, Rajon",200765,0.115,6,0,0,3,0.0,0,3,0.0,0,0,0.0,,,,,,,,,,,,,,,,,,,,,1610612747,LAL,Los Angeles,LeBron James,nan,F,nan,30:54:00,6.0,11.0,0.545,0.0,2.0,0.0,3.0,4.0,0.75,1.0,5.0,6.0,12.0,0.0,0.0,3.0,2.0,15.0,15.0,Forward,0.08277631578947353,0.09808825939951168
8,41900311,2544,"James, LeBron",Los Angeles Lakers,1610612747,LAL,made,1,"Howard, Dwight",2730,0.058,3,2,2,3,0.667,2,3,0.667,0,0,0.0,,,,,,,,,,,,,,,,,,,,,1610612747,LAL,Los Angeles,LeBron James,nan,F,nan,30:54:00,6.0,11.0,0.545,0.0,2.0,0.0,3.0,4.0,0.75,1.0,5.0,6.0,12.0,0.0,0.0,3.0,2.0,15.0,15.0,Forward,0.08277631578947353,0.09808825939951168
9,41900311,2730,"Howard, Dwight",Los Angeles Lakers,1610612747,LAL,made,1,"Caruso, Alex",1627936,0.25,1,0,0,0,0.0,0,0,0.0,0,0,0.0,,,,,,,,,,,,,,,,,,,,,1610612747,LAL,Los Angeles,Dwight Howard,nan,nan,nan,16:26,4.0,5.0,0.8,0.0,0.0,0.0,5.0,8.0,0.625,1.0,2.0,3.0,0.0,2.0,2.0,2.0,4.0,13.0,14.0,Center-Forward,0.08316204690831555,0.10142903801705985
10,41900311,2730,"Howard, Dwight",Los Angeles Lakers,1610612747,LAL,made,1,"Rondo, Rajon",200765,0.25,1,0,0,1,0.0,0,1,0.0,0,0,0.0,,,,,,,,,,,,,,,,,,,,,1610612747,LAL,Los Angeles,Dwight Howard,nan,nan,nan,16:26,4.0,5.0,0.8,0.0,0.0,0.0,5.0,8.0,0.625,1.0,2.0,3.0,0.0,2.0,2.0,2.0,4.0,13.0,14.0,Center-Forward,0.08316204690831555,0.10142903801705985
11,41900311,2730,"Howard, Dwight",Los Angeles Lakers,1610612747,LAL,made,1,"James, LeBron",2544,0.5,2,0,0,0,0.0,0,0,0.0,0,0,0.0,,,,,,,,,,,,,,,,,,,,,1610612747,LAL,Los Angeles,Dwight Howard,nan,nan,nan,16:26,4.0,5.0,0.8,0.0,0.0,0.0,5.0,8.0,0.625,1.0,2.0,3.0,0.0,2.0,2.0,2.0,4.0,13.0,14.0,Center-Forward,0.08316204690831555,0.10142903801705985
12,41900311,200765,"Rondo, Rajon",Los Angeles Lakers,1610612747,LAL,made,1,"Kuzma, Kyle",1628398,0.08,4,1,1,2,0.5,1,1,1.0,0,1,0.0,,,,,,,,,,,,,,,,,,,,,1610612747,LAL,Los Angeles,Rajon Rondo,nan,nan,nan,21:50,3.0,7.0,0.429,1.0,1.0,1.0,0.0,0.0,0.0,0.0,1.0,1.0,9.0,2.0,0.0,0.0,1.0,7.0,13.0,Guard,0.07579927228623384,0.07772953644911912
13,41900311,200765,"Rondo, Rajon",Los Angeles Lakers,1610612747,LAL,made,1,"Caruso, Alex",1627936,0.14,7,0,0,1,0.0,0,1,0.0,0,0,0.0,,,,,,,,,,,,,,,,,,,,,1610612747,LAL,Los Angeles,Rajon Rondo,nan,nan,nan,21:50,3.0,7.0,0.429,1.0,1.0,1.0,0.0,0.0,0.0,0.0,1.0,1.0,9.0,2.0,0.0,0.0,1.0,7.0,13.0,Guard,0.07579927228623384,0.07772953644911912
14,41900311,200765,"Rondo, Rajon",Los Angeles Lakers,1610612747,LAL,made,1,"Caldwell-Pope, Kentavious",203484,0.12,6,1,1,1,1.0,1,1,1.0,0,0,0.0,,,,,,,,,,,,,,,,,,,,,1610612747,LAL,Los Angeles,Rajon Rondo,nan,nan,nan,21:50,3.0,7.0,0.429,1.0,1.0,1.0,0.0,0.0,0.0,0.0,1.0,1.0,9.0,2.0,0.0,0.0,1.0,7.0,13.0,Guard,0.07579927228623384,0.07772953644911912
15,41900311,200765,"Rondo, Rajon",Los Angeles Lakers,1610612747,LAL,made,1,"Davis, Anthony",203076,0.38,19,5,7,11,0.636,7,10,0.7,0,1,0.0,,,,,,,,,,,,,,,,,,,,,1610612747,LAL,Los Angeles,Rajon Rondo,nan,nan,nan,21:50,3.0,7.0,0.429,1.0,1.0,1.0,0.0,0.0,0.0,0.0,1.0,1.0,9.0,2.0,0.0,0.0,1.0,7.0,13.0,Guard,0.07579927228623384,0.07772953644911912
16,41900311,200765,"Rondo, Rajon",Los Angeles Lakers,1610612747,LAL,made,1,"Morris, Markieff",202693,0.1,5,1,1,2,0.5,0,0,0.0,1,2,0.5,,,,,,,,,,,,,,,,,,,,,1610612747,LAL,Los Angeles,Rajon Rondo,nan,nan,nan,21:50,3.0,7.0,0.429,1.0,1.0,1.0,0.0,0.0,0.0,0.0,1.0,1.0,9.0,2.0,0.0,0.0,1.0,7.0,13.0,Guard,0.07579927228623384,0.07772953644911912
17,41900311,200765,"Rondo, Rajon",Los Angeles Lakers,1610612747,LAL,made,1,"Green, Danny",201980,0.04,2,0,0,2,0.0,0,2,0.0,0,0,0.0,,,,,,,,,,,,,,,,,,,,,1610612747,LAL,Los Angeles,Rajon Rondo,nan,nan,nan,21:50,3.0,7.0,0.429,1.0,1.0,1.0,0.0,0.0,0.0,0.0,1.0,1.0,9.0,2.0,0.0,0.0,1.0,7.0,13.0,Guard,0.07579927228623384,0.07772953644911912
18,41900311,200765,"Rondo, Rajon",Los Angeles Lakers,1610612747,LAL,made,1,"Howard, Dwight",2730,0.04,2,1,1,2,0.5,1,2,0.5,0,0,0.0,,,,,,,,,,,,,,,,,,,,,1610612747,LAL,Los Angeles,Rajon Rondo,nan,nan,nan,21:50,3.0,7.0,0.429,1.0,1.0,1.0,0.0,0.0,0.0,0.0,1.0,1.0,9.0,2.0,0.0,0.0,1.0,7.0,13.0,Guard,0.07579927228623384,0.07772953644911912
19,41900311,200765,"Rondo, Rajon",Los Angeles Lakers,1610612747,LAL,made,1,"James, LeBron",2544,0.1,5,0,0,1,0.0,0,0,0.0,0,1,0.0,,,,,,,,,,,,,,,,,,,,,1610612747,LAL,Los Angeles,Rajon Rondo,nan,nan,nan,21:50,3.0,7.0,0.429,1.0,1.0,1.0,0.0,0.0,0.0,0.0,1.0,1.0,9.0,2.0,0.0,0.0,1.0,7.0,13.0,Guard,0.07579927228623384,0.07772953644911912
20,41900311,201162,"Dudley, Jared",Los Angeles Lakers,1610612747,LAL,made,1,"Kuzma, Kyle",1628398,0.2,2,0,0,0,0.0,0,0,0.0,0,0,0.0,,,,,,,,,,,,,,,,,,,,,1610612747,LAL,Los Angeles,Jared Dudley,nan,nan,nan,04:08,0.0,0.0,0.0,0.0,0.0,0.0,0.0,0.0,0.0,0.0,0.0,0.0,0.0,1.0,0.0,0.0,0.0,0.0,-9.0,Forward,0.08277631578947353,0.09808825939951168
21,41900311,201162,"Dudley, Jared",Los Angeles Lakers,1610612747,LAL,made,1,"Caruso, Alex",1627936,0.2,2,0,0,1,0.0,0,0,0.0,0,1,0.0,,,,,,,,,,,,,,,,,,,,,1610612747,LAL,Los Angeles,Jared Dudley,nan,nan,nan,04:08,0.0,0.0,0.0,0.0,0.0,0.0,0.0,0.0,0.0,0.0,0.0,0.0,0.0,1.0,0.0,0.0,0.0,0.0,-9.0,Forward,0.08277631578947353,0.09808825939951168
22,41900311,201162,"Dudley, Jared",Los Angeles Lakers,1610612747,LAL,made,1,"Cook, Quinn",1626188,0.4,4,0,0,0,0.0,0,0,0.0,0,0,0.0,,,,,,,,,,,,,,,,,,,,,1610612747,LAL,Los Angeles,Jared Dudley,nan,nan,nan,04:08,0.0,0.0,0.0,0.0,0.0,0.0,0.0,0.0,0.0,0.0,0.0,0.0,0.0,1.0,0.0,0.0,0.0,0.0,-9.0,Forward,0.08277631578947353,0.09808825939951168
23,41900311,201162,"Dudley, Jared",Los Angeles Lakers,1610612747,LAL,made,1,"Smith, JR",2747,0.2,2,0,0,0,0.0,0,0,0.0,0,0,0.0,,,,,,,,,,,,,,,,,,,,,1610612747,LAL,Los Angeles,Jared Dudley,nan,nan,nan,04:08,0.0,0.0,0.0,0.0,0.0,0.0,0.0,0.0,0.0,0.0,0.0,0.0,0.0,1.0,0.0,0.0,0.0,0.0,-9.0,Forward,0.08277631578947353,0.09808825939951168
24,41900311,201580,"McGee, JaVale",Los Angeles Lakers,1610612747,LAL,made,1,"Kuzma, Kyle",1628398,0.143,1,0,0,0,0.0,0,0,0.0,0,0,0.0,,,,,,,,,,,,,,,,,,,,,1610612747,LAL,Los Angeles,JaVale McGee,nan,C,nan,10:42,0.0,1.0,0.0,0.0,1.0,0.0,0.0,0.0,0.0,0.0,0.0,0.0,0.0,0.0,1.0,2.0,4.0,0.0,-11.0,Center-Forward,0.08316204690831555,0.10142903801705985
25,41900311,201580,"McGee, JaVale",Los Angeles Lakers,1610612747,LAL,made,1,"Caldwell-Pope, Kentavious",203484,0.143,1,0,0,0,0.0,0,0,0.0,0,0,0.0,,,,,,,,,,,,,,,,,,,,,1610612747,LAL,Los Angeles,JaVale McGee,nan,C,nan,10:42,0.0,1.0,0.0,0.0,1.0,0.0,0.0,0.0,0.0,0.0,0.0,0.0,0.0,0.0,1.0,2.0,4.0,0.0,-11.0,Center-Forward,0.08316204690831555,0.10142903801705985
26,41900311,201580,"McGee, JaVale",Los Angeles Lakers,1610612747,LAL,made,1,"Green, Danny",201980,0.143,1,0,0,1,0.0,0,1,0.0,0,0,0.0,,,,,,,,,,,,,,,,,,,,,1610612747,LAL,Los Angeles,JaVale McGee,nan,C,nan,10:42,0.0,1.0,0.0,0.0,1.0,0.0,0.0,0.0,0.0,0.0,0.0,0.0,0.0,0.0,1.0,2.0,4.0,0.0,-11.0,Center-Forward,0.08316204690831555,0.10142903801705985
27,41900311,201580,"McGee, JaVale",Los Angeles Lakers,1610612747,LAL,made,1,"Dudley, Jared",201162,0.143,1,0,0,0,0.0,0,0,0.0,0,0,0.0,,,,,,,,,,,,,,,,,,,,,1610612747,LAL,Los Angeles,JaVale McGee,nan,C,nan,10:42,0.0,1.0,0.0,0.0,1.0,0.0,0.0,0.0,0.0,0.0,0.0,0.0,0.0,0.0,1.0,2.0,4.0,0.0,-11.0,Center-Forward,0.08316204690831555,0.10142903801705985
28,41900311,201580,"McGee, JaVale",Los Angeles Lakers,1610612747,LAL,made,1,"James, LeBron",2544,0.429,3,0,0,0,0.0,0,0,0.0,0,0,0.0,,,,,,,,,,,,,,,,,,,,,1610612747,LAL,Los Angeles,JaVale McGee,nan,C,nan,10:42,0.0,1.0,0.0,0.0,1.0,0.0,0.0,0.0,0.0,0.0,0.0,0.0,0.0,0.0,1.0,2.0,4.0,0.0,-11.0,Center-Forward,0.08316204690831555,0.10142903801705985
29,41900311,201980,"Green, Danny",Los Angeles Lakers,1610612747,LAL,made,1,"Caruso, Alex",1627936,0.261,6,0,0,0,0.0,0,0,0.0,0,0,0.0,,,,,,,,,,,,,,,,,,,,,1610612747,LAL,Los Angeles,Danny Green,nan,G,nan,23:26,3.0,10.0,0.3,1.0,4.0,0.25,1.0,1.0,1.0,2.0,3.0,5.0,1.0,2.0,1.0,0.0,3.0,8.0,20.0,Guard,0.07579927228623384,0.07772953644911912
30,41900311,201980,"Green, Danny",Los Angeles Lakers,1610612747,LAL,made,1,"Davis, Anthony",203076,0.043,1,0,0,0,0.0,0,0,0.0,0,0,0.0,,,,,,,,,,,,,,,,,,,,,1610612747,LAL,Los Angeles,Danny Green,nan,G,nan,23:26,3.0,10.0,0.3,1.0,4.0,0.25,1.0,1.0,1.0,2.0,3.0,5.0,1.0,2.0,1.0,0.0,3.0,8.0,20.0,Guard,0.07579927228623384,0.07772953644911912
31,41900311,201980,"Green, Danny",Los Angeles Lakers,1610612747,LAL,made,1,"Rondo, Rajon",200765,0.261,6,0,0,0,0.0,0,0,0.0,0,0,0.0,,,,,,,,,,,,,,,,,,,,,1610612747,LAL,Los Angeles,Danny Green,nan,G,nan,23:26,3.0,10.0,0.3,1.0,4.0,0.25,1.0,1.0,1.0,2.0,3.0,5.0,1.0,2.0,1.0,0.0,3.0,8.0,20.0,Guard,0.07579927228623384,0.07772953644911912
32,41900311,201980,"Green, Danny",Los Angeles Lakers,1610612747,LAL,made,1,"James, LeBron",2544,0.435,10,1,1,1,1.0,1,1,1.0,0,0,0.0,,,,,,,,,,,,,,,,,,,,,1610612747,LAL,Los Angeles,Danny Green,nan,G,nan,23:26,3.0,10.0,0.3,1.0,4.0,0.25,1.0,1.0,1.0,2.0,3.0,5.0,1.0,2.0,1.0,0.0,3.0,8.0,20.0,Guard,0.07579927228623384,0.07772953644911912
33,41900311,203076,"Davis, Anthony",Los Angeles Lakers,1610612747,LAL,made,1,"Kuzma, Kyle",1628398,0.032,1,1,1,1,1.0,1,1,1.0,0,0,0.0,,,,,,,,,,,,,,,,,,,,,1610612747,LAL,Los Angeles,Anthony Davis,nan,F,nan,32:47:00,12.0,21.0,0.571,1.0,3.0,0.333,12.0,15.0,0.8,3.0,7.0,10.0,4.0,0.0,0.0,3.0,3.0,37.0,15.0,Forward-Center,0.07763774733637752,0.10299718638018637
34,41900311,203076,"Davis, Anthony",Los Angeles Lakers,1610612747,LAL,made,1,"Caruso, Alex",1627936,0.032,1,0,0,0,0.0,0,0,0.0,0,0,0.0,,,,,,,,,,,,,,,,,,,,,1610612747,LAL,Los Angeles,Anthony Davis,nan,F,nan,32:47:00,12.0,21.0,0.571,1.0,3.0,0.333,12.0,15.0,0.8,3.0,7.0,10.0,4.0,0.0,0.0,3.0,3.0,37.0,15.0,Forward-Center,0.07763774733637752,0.10299718638018637
35,41900311,203076,"Davis, Anthony",Los Angeles Lakers,1610612747,LAL,made,1,"Caldwell-Pope, Kentavious",203484,0.161,5,1,1,2,0.5,1,2,0.5,0,0,0.0,,,,,,,,,,,,,,,,,,,,,1610612747,LAL,Los Angeles,Anthony Davis,nan,F,nan,32:47:00,12.0,21.0,0.571,1.0,3.0,0.333,12.0,15.0,0.8,3.0,7.0,10.0,4.0,0.0,0.0,3.0,3.0,37.0,15.0,Forward-Center,0.07763774733637752,0.10299718638018637
36,41900311,203076,"Davis, Anthony",Los Angeles Lakers,1610612747,LAL,made,1,"Green, Danny",201980,0.065,2,1,1,2,0.5,1,1,1.0,0,1,0.0,,,,,,,,,,,,,,,,,,,,,1610612747,LAL,Los Angeles,Anthony Davis,nan,F,nan,32:47:00,12.0,21.0,0.571,1.0,3.0,0.333,12.0,15.0,0.8,3.0,7.0,10.0,4.0,0.0,0.0,3.0,3.0,37.0,15.0,Forward-Center,0.07763774733637752,0.10299718638018637
37,41900311,203076,"Davis, Anthony",Los Angeles Lakers,1610612747,LAL,made,1,"Rondo, Rajon",200765,0.323,10,1,1,1,1.0,1,1,1.0,0,0,0.0,,,,,,,,,,,,,,,,,,,,,1610612747,LAL,Los Angeles,Anthony Davis,nan,F,nan,32:47:00,12.0,21.0,0.571,1.0,3.0,0.333,12.0,15.0,0.8,3.0,7.0,10.0,4.0,0.0,0.0,3.0,3.0,37.0,15.0,Forward-Center,0.07763774733637752,0.10299718638018637
38,41900311,203076,"Davis, Anthony",Los Angeles Lakers,1610612747,LAL,made,1,"Howard, Dwight",2730,0.032,1,0,0,0,0.0,0,0,0.0,0,0,0.0,,,,,,,,,,,,,,,,,,,,,1610612747,LAL,Los Angeles,Anthony Davis,nan,F,nan,32:47:00,12.0,21.0,0.571,1.0,3.0,0.333,12.0,15.0,0.8,3.0,7.0,10.0,4.0,0.0,0.0,3.0,3.0,37.0,15.0,Forward-Center,0.07763774733637752,0.10299718638018637
39,41900311,203076,"Davis, Anthony",Los Angeles Lakers,1610612747,LAL,made,1,"James, LeBron",2544,0.355,11,0,0,2,0.0,0,1,0.0,0,1,0.0,,,,,,,,,,,,,,,,,,,,,1610612747,LAL,Los Angeles,Anthony Davis,nan,F,nan,32:47:00,12.0,21.0,0.571,1.0,3.0,0.333,12.0,15.0,0.8,3.0,7.0,10.0,4.0,0.0,0.0,3.0,3.0,37.0,15.0,Forward-Center,0.07763774733637752,0.10299718638018637
40,41900311,203484,"Caldwell-Pope, Kentavious",Los Angeles Lakers,1610612747,LAL,made,1,"Kuzma, Kyle",1628398,0.111,2,1,1,1,1.0,1,1,1.0,0,0,0.0,,,,,,,,,,,,,,,,,,,,,1610612747,LAL,Los Angeles,Kentavious Caldwell-Pope,nan,G,nan,29:58:00,6.0,10.0,0.6,3.0,5.0,0.6,3.0,4.0,0.75,0.0,1.0,1.0,1.0,1.0,1.0,0.0,2.0,18.0,9.0,Guard,0.07579927228623384,0.07772953644911912
41,41900311,203484,"Caldwell-Pope, Kentavious",Los Angeles Lakers,1610612747,LAL,made,1,"Caruso, Alex",1627936,0.056,1,0,0,0,0.0,0,0,0.0,0,0,0.0,,,,,,,,,,,,,,,,,,,,,1610612747,LAL,Los Angeles,Kentavious Caldwell-Pope,nan,G,nan,29:58:00,6.0,10.0,0.6,3.0,5.0,0.6,3.0,4.0,0.75,0.0,1.0,1.0,1.0,1.0,1.0,0.0,2.0,18.0,9.0,Guard,0.07579927228623384,0.07772953644911912
42,41900311,203484,"Caldwell-Pope, Kentavious",Los Angeles Lakers,1610612747,LAL,made,1,"Davis, Anthony",203076,0.056,1,0,0,0,0.0,0,0,0.0,0,0,0.0,,,,,,,,,,,,,,,,,,,,,1610612747,LAL,Los Angeles,Kentavious Caldwell-Pope,nan,G,nan,29:58:00,6.0,10.0,0.6,3.0,5.0,0.6,3.0,4.0,0.75,0.0,1.0,1.0,1.0,1.0,1.0,0.0,2.0,18.0,9.0,Guard,0.07579927228623384,0.07772953644911912
43,41900311,203484,"Caldwell-Pope, Kentavious",Los Angeles Lakers,1610612747,LAL,made,1,"Morris, Markieff",202693,0.056,1,0,0,0,0.0,0,0,0.0,0,0,0.0,,,,,,,,,,,,,,,,,,,,,1610612747,LAL,Los Angeles,Kentavious Caldwell-Pope,nan,G,nan,29:58:00,6.0,10.0,0.6,3.0,5.0,0.6,3.0,4.0,0.75,0.0,1.0,1.0,1.0,1.0,1.0,0.0,2.0,18.0,9.0,Guard,0.07579927228623384,0.07772953644911912
44,41900311,203484,"Caldwell-Pope, Kentavious",Los Angeles Lakers,1610612747,LAL,made,1,"McGee, JaVale",201580,0.056,1,0,0,0,0.0,0,0,0.0,0,0,0.0,,,,,,,,,,,,,,,,,,,,,1610612747,LAL,Los Angeles,Kentavious Caldwell-Pope,nan,G,nan,29:58:00,6.0,10.0,0.6,3.0,5.0,0.6,3.0,4.0,0.75,0.0,1.0,1.0,1.0,1.0,1.0,0.0,2.0,18.0,9.0,Guard,0.07579927228623384,0.07772953644911912
45,41900311,203484,"Caldwell-Pope, Kentavious",Los Angeles Lakers,1610612747,LAL,made,1,"Rondo, Rajon",200765,0.333,6,0,1,1,1.0,1,1,1.0,0,0,0.0,,,,,,,,,,,,,,,,,,,,,1610612747,LAL,Los Angeles,Kentavious Caldwell-Pope,nan,G,nan,29:58:00,6.0,10.0,0.6,3.0,5.0,0.6,3.0,4.0,0.75,0.0,1.0,1.0,1.0,1.0,1.0,0.0,2.0,18.0,9.0,Guard,0.07579927228623384,0.07772953644911912
46,41900311,203484,"Caldwell-Pope, Kentavious",Los Angeles Lakers,1610612747,LAL,made,1,"James, LeBron",2544,0.333,6,0,0,1,0.0,0,1,0.0,0,0,0.0,,,,,,,,,,,,,,,,,,,,,1610612747,LAL,Los Angeles,Kentavious Caldwell-Pope,nan,G,nan,29:58:00,6.0,10.0,0.6,3.0,5.0,0.6,3.0,4.0,0.75,0.0,1.0,1.0,1.0,1.0,1.0,0.0,2.0,18.0,9.0,Guard,0.07579927228623384,0.07772953644911912
47,41900311,1626188,"Cook, Quinn",Los Angeles Lakers,1610612747,LAL,made,1,"Kuzma, Kyle",1628398,0.4,2,1,1,1,1.0,0,0,0.0,1,1,1.0,,,,,,,,,,,,,,,,,,,,,1610612747,LAL,Los Angeles,Quinn Cook,nan,nan,nan,02:48,0.0,1.0,0.0,0.0,0.0,0.0,0.0,0.0,0.0,0.0,0.0,0.0,1.0,0.0,0.0,0.0,0.0,0.0,-7.0,Guard,0.07579927228623384,0.07772953644911912
48,41900311,1626188,"Cook, Quinn",Los Angeles Lakers,1610612747,LAL,made,1,"Dudley, Jared",201162,0.2,1,0,0,0,0.0,0,0,0.0,0,0,0.0,,,,,,,,,,,,,,,,,,,,,1610612747,LAL,Los Angeles,Quinn Cook,nan,nan,nan,02:48,0.0,1.0,0.0,0.0,0.0,0.0,0.0,0.0,0.0,0.0,0.0,0.0,1.0,0.0,0.0,0.0,0.0,0.0,-7.0,Guard,0.07579927228623384,0.07772953644911912
49,41900311,1626188,"Cook, Quinn",Los Angeles Lakers,1610612747,LAL,made,1,"Smith, JR",2747,0.4,2,0,1,2,0.5,0,0,0.0,1,2,0.5,,,,,,,,,,,,,,,,,,,,,1610612747,LAL,Los Angeles,Quinn Cook,nan,nan,nan,02:48,0.0,1.0,0.0,0.0,0.0,0.0,0.0,0.0,0.0,0.0,0.0,0.0,1.0,0.0,0.0,0.0,0.0,0.0,-7.0,Guard,0.07579927228623384,0.07772953644911912
50,41900311,1627936,"Caruso, Alex",Los Angeles Lakers,1610612747,LAL,made,1,"Kuzma, Kyle",1628398,0.056,2,0,0,0,0.0,0,0,0.0,0,0,0.0,,,,,,,,,,,,,,,,,,,,,1610612747,LAL,Los Angeles,Alex Caruso,nan,nan,nan,22:19,1.0,3.0,0.333,0.0,2.0,0.0,3.0,5.0,0.6,1.0,1.0,2.0,4.0,0.0,1.0,0.0,4.0,5.0,6.0,Guard,0.07579927228623384,0.07772953644911912
51,41900311,1627936,"Caruso, Alex",Los Angeles Lakers,1610612747,LAL,made,1,"Caldwell-Pope, Kentavious",203484,0.056,2,1,1,1,1.0,0,0,0.0,1,1,1.0,,,,,,,,,,,,,,,,,,,,,1610612747,LAL,Los Angeles,Alex Caruso,nan,nan,nan,22:19,1.0,3.0,0.333,0.0,2.0,0.0,3.0,5.0,0.6,1.0,1.0,2.0,4.0,0.0,1.0,0.0,4.0,5.0,6.0,Guard,0.07579927228623384,0.07772953644911912
52,41900311,1627936,"Caruso, Alex",Los Angeles Lakers,1610612747,LAL,made,1,"Davis, Anthony",203076,0.028,1,0,0,0,0.0,0,0,0.0,0,0,0.0,,,,,,,,,,,,,,,,,,,,,1610612747,LAL,Los Angeles,Alex Caruso,nan,nan,nan,22:19,1.0,3.0,0.333,0.0,2.0,0.0,3.0,5.0,0.6,1.0,1.0,2.0,4.0,0.0,1.0,0.0,4.0,5.0,6.0,Guard,0.07579927228623384,0.07772953644911912
53,41900311,1627936,"Caruso, Alex",Los Angeles Lakers,1610612747,LAL,made,1,"Morris, Markieff",202693,0.028,1,0,0,0,0.0,0,0,0.0,0,0,0.0,,,,,,,,,,,,,,,,,,,,,1610612747,LAL,Los Angeles,Alex Caruso,nan,nan,nan,22:19,1.0,3.0,0.333,0.0,2.0,0.0,3.0,5.0,0.6,1.0,1.0,2.0,4.0,0.0,1.0,0.0,4.0,5.0,6.0,Guard,0.07579927228623384,0.07772953644911912
54,41900311,1627936,"Caruso, Alex",Los Angeles Lakers,1610612747,LAL,made,1,"Green, Danny",201980,0.083,3,0,0,1,0.0,0,0,0.0,0,1,0.0,,,,,,,,,,,,,,,,,,,,,1610612747,LAL,Los Angeles,Alex Caruso,nan,nan,nan,22:19,1.0,3.0,0.333,0.0,2.0,0.0,3.0,5.0,0.6,1.0,1.0,2.0,4.0,0.0,1.0,0.0,4.0,5.0,6.0,Guard,0.07579927228623384,0.07772953644911912
55,41900311,1627936,"Caruso, Alex",Los Angeles Lakers,1610612747,LAL,made,1,"Dudley, Jared",201162,0.056,2,0,0,0,0.0,0,0,0.0,0,0,0.0,,,,,,,,,,,,,,,,,,,,,1610612747,LAL,Los Angeles,Alex Caruso,nan,nan,nan,22:19,1.0,3.0,0.333,0.0,2.0,0.0,3.0,5.0,0.6,1.0,1.0,2.0,4.0,0.0,1.0,0.0,4.0,5.0,6.0,Guard,0.07579927228623384,0.07772953644911912
56,41900311,1627936,"Caruso, Alex",Los Angeles Lakers,1610612747,LAL,made,1,"Rondo, Rajon",200765,0.25,9,1,1,1,1.0,0,0,0.0,1,1,1.0,,,,,,,,,,,,,,,,,,,,,1610612747,LAL,Los Angeles,Alex Caruso,nan,nan,nan,22:19,1.0,3.0,0.333,0.0,2.0,0.0,3.0,5.0,0.6,1.0,1.0,2.0,4.0,0.0,1.0,0.0,4.0,5.0,6.0,Guard,0.07579927228623384,0.07772953644911912
57,41900311,1627936,"Caruso, Alex",Los Angeles Lakers,1610612747,LAL,made,1,"James, LeBron",2544,0.444,16,2,3,4,0.75,3,4,0.75,0,0,0.0,,,,,,,,,,,,,,,,,,,,,1610612747,LAL,Los Angeles,Alex Caruso,nan,nan,nan,22:19,1.0,3.0,0.333,0.0,2.0,0.0,3.0,5.0,0.6,1.0,1.0,2.0,4.0,0.0,1.0,0.0,4.0,5.0,6.0,Guard,0.07579927228623384,0.07772953644911912
58,41900311,1628398,"Kuzma, Kyle",Los Angeles Lakers,1610612747,LAL,made,1,"Caruso, Alex",1627936,0.056,1,0,0,0,0.0,0,0,0.0,0,0,0.0,,,,,,,,,,,,,,,,,,,,,1610612747,LAL,Los Angeles,Kyle Kuzma,nan,nan,nan,24:25:00,5.0,8.0,0.625,1.0,2.0,0.5,0.0,0.0,0.0,2.0,2.0,4.0,0.0,0.0,0.0,1.0,2.0,11.0,-9.0,Forward,0.08277631578947353,0.09808825939951168
59,41900311,1628398,"Kuzma, Kyle",Los Angeles Lakers,1610612747,LAL,made,1,"Cook, Quinn",1626188,0.056,1,0,0,1,0.0,0,1,0.0,0,0,0.0,,,,,,,,,,,,,,,,,,,,,1610612747,LAL,Los Angeles,Kyle Kuzma,nan,nan,nan,24:25:00,5.0,8.0,0.625,1.0,2.0,0.5,0.0,0.0,0.0,2.0,2.0,4.0,0.0,0.0,0.0,1.0,2.0,11.0,-9.0,Forward,0.08277631578947353,0.09808825939951168
60,41900311,1628398,"Kuzma, Kyle",Los Angeles Lakers,1610612747,LAL,made,1,"Caldwell-Pope, Kentavious",203484,0.056,1,0,0,1,0.0,0,0,0.0,0,1,0.0,,,,,,,,,,,,,,,,,,,,,1610612747,LAL,Los Angeles,Kyle Kuzma,nan,nan,nan,24:25:00,5.0,8.0,0.625,1.0,2.0,0.5,0.0,0.0,0.0,2.0,2.0,4.0,0.0,0.0,0.0,1.0,2.0,11.0,-9.0,Forward,0.08277631578947353,0.09808825939951168
61,41900311,1628398,"Kuzma, Kyle",Los Angeles Lakers,1610612747,LAL,made,1,"Davis, Anthony",203076,0.056,1,0,0,0,0.0,0,0,0.0,0,0,0.0,,,,,,,,,,,,,,,,,,,,,1610612747,LAL,Los Angeles,Kyle Kuzma,nan,nan,nan,24:25:00,5.0,8.0,0.625,1.0,2.0,0.5,0.0,0.0,0.0,2.0,2.0,4.0,0.0,0.0,0.0,1.0,2.0,11.0,-9.0,Forward,0.08277631578947353,0.09808825939951168
62,41900311,1628398,"Kuzma, Kyle",Los Angeles Lakers,1610612747,LAL,made,1,"Dudley, Jared",201162,0.167,3,0,0,0,0.0,0,0,0.0,0,0,0.0,,,,,,,,,,,,,,,,,,,,,1610612747,LAL,Los Angeles,Kyle Kuzma,nan,nan,nan,24:25:00,5.0,8.0,0.625,1.0,2.0,0.5,0.0,0.0,0.0,2.0,2.0,4.0,0.0,0.0,0.0,1.0,2.0,11.0,-9.0,Forward,0.08277631578947353,0.09808825939951168
63,41900311,1628398,"Kuzma, Kyle",Los Angeles Lakers,1610612747,LAL,made,1,"Rondo, Rajon",200765,0.333,6,0,0,0,0.0,0,0,0.0,0,0,0.0,,,,,,,,,,,,,,,,,,,,,1610612747,LAL,Los Angeles,Kyle Kuzma,nan,nan,nan,24:25:00,5.0,8.0,0.625,1.0,2.0,0.5,0.0,0.0,0.0,2.0,2.0,4.0,0.0,0.0,0.0,1.0,2.0,11.0,-9.0,Forward,0.08277631578947353,0.09808825939951168
64,41900311,1628398,"Kuzma, Kyle",Los Angeles Lakers,1610612747,LAL,made,1,"Smith, JR",2747,0.056,1,0,0,0,0.0,0,0,0.0,0,0,0.0,,,,,,,,,,,,,,,,,,,,,1610612747,LAL,Los Angeles,Kyle Kuzma,nan,nan,nan,24:25:00,5.0,8.0,0.625,1.0,2.0,0.5,0.0,0.0,0.0,2.0,2.0,4.0,0.0,0.0,0.0,1.0,2.0,11.0,-9.0,Forward,0.08277631578947353,0.09808825939951168
65,41900311,1628398,"Kuzma, Kyle",Los Angeles Lakers,1610612747,LAL,made,1,"James, LeBron",2544,0.222,4,0,1,1,1.0,1,1,1.0,0,0,0.0,,,,,,,,,,,,,,,,,,,,,1610612747,LAL,Los Angeles,Kyle Kuzma,nan,nan,nan,24:25:00,5.0,8.0,0.625,1.0,2.0,0.5,0.0,0.0,0.0,2.0,2.0,4.0,0.0,0.0,0.0,1.0,2.0,11.0,-9.0,Forward,0.08277631578947353,0.09808825939951168
66,41900312,2544,"James, LeBron",Los Angeles Lakers,1610612747,LAL,made,1,"Kuzma, Kyle",1628398,0.082,5,1,1,2,0.5,1,1,1.0,0,1,0.0,,,,,,,,,,,,,,,,,,,,,1610612747,LAL,Los Angeles,LeBron James,nan,F,nan,36:25:00,10.0,20.0,0.5,3.0,8.0,0.375,3.0,4.0,0.75,2.0,9.0,11.0,4.0,0.0,2.0,6.0,2.0,26.0,-9.0,Forward,0.08277631578947353,0.09808825939951168
67,41900312,2544,"James, LeBron",Los Angeles Lakers,1610612747,LAL,made,1,"Caruso, Alex",1627936,0.098,6,0,0,2,0.0,0,1,0.0,0,1,0.0,,,,,,,,,,,,,,,,,,,,,1610612747,LAL,Los Angeles,LeBron James,nan,F,nan,36:25:00,10.0,20.0,0.5,3.0,8.0,0.375,3.0,4.0,0.75,2.0,9.0,11.0,4.0,0.0,2.0,6.0,2.0,26.0,-9.0,Forward,0.08277631578947353,0.09808825939951168
68,41900312,2544,"James, LeBron",Los Angeles Lakers,1610612747,LAL,made,1,"Caldwell-Pope, Kentavious",203484,0.131,8,0,0,2,0.0,0,0,0.0,0,2,0.0,,,,,,,,,,,,,,,,,,,,,1610612747,LAL,Los Angeles,LeBron James,nan,F,nan,36:25:00,10.0,20.0,0.5,3.0,8.0,0.375,3.0,4.0,0.75,2.0,9.0,11.0,4.0,0.0,2.0,6.0,2.0,26.0,-9.0,Forward,0.08277631578947353,0.09808825939951168
69,41900312,2544,"James, LeBron",Los Angeles Lakers,1610612747,LAL,made,1,"Davis, Anthony",203076,0.361,22,3,4,13,0.308,3,10,0.3,1,3,0.333,,,,,,,,,,,,,,,,,,,,,1610612747,LAL,Los Angeles,LeBron James,nan,F,nan,36:25:00,10.0,20.0,0.5,3.0,8.0,0.375,3.0,4.0,0.75,2.0,9.0,11.0,4.0,0.0,2.0,6.0,2.0,26.0,-9.0,Forward,0.08277631578947353,0.09808825939951168
70,41900312,2544,"James, LeBron",Los Angeles Lakers,1610612747,LAL,made,1,"Morris, Markieff",202693,0.033,2,0,0,0,0.0,0,0,0.0,0,0,0.0,,,,,,,,,,,,,,,,,,,,,1610612747,LAL,Los Angeles,LeBron James,nan,F,nan,36:25:00,10.0,20.0,0.5,3.0,8.0,0.375,3.0,4.0,0.75,2.0,9.0,11.0,4.0,0.0,2.0,6.0,2.0,26.0,-9.0,Forward,0.08277631578947353,0.09808825939951168
71,41900312,2544,"James, LeBron",Los Angeles Lakers,1610612747,LAL,made,1,"Green, Danny",201980,0.18,11,0,0,5,0.0,0,1,0.0,0,4,0.0,,,,,,,,,,,,,,,,,,,,,1610612747,LAL,Los Angeles,LeBron James,nan,F,nan,36:25:00,10.0,20.0,0.5,3.0,8.0,0.375,3.0,4.0,0.75,2.0,9.0,11.0,4.0,0.0,2.0,6.0,2.0,26.0,-9.0,Forward,0.08277631578947353,0.09808825939951168
72,41900312,2544,"James, LeBron",Los Angeles Lakers,1610612747,LAL,made,1,"McGee, JaVale",201580,0.066,4,0,0,2,0.0,0,2,0.0,0,0,0.0,,,,,,,,,,,,,,,,,,,,,1610612747,LAL,Los Angeles,LeBron James,nan,F,nan,36:25:00,10.0,20.0,0.5,3.0,8.0,0.375,3.0,4.0,0.75,2.0,9.0,11.0,4.0,0.0,2.0,6.0,2.0,26.0,-9.0,Forward,0.08277631578947353,0.09808825939951168
73,41900312,2544,"James, LeBron",Los Angeles Lakers,1610612747,LAL,made,1,"Rondo, Rajon",200765,0.033,2,0,0,0,0.0,0,0,0.0,0,0,0.0,,,,,,,,,,,,,,,,,,,,,1610612747,LAL,Los Angeles,LeBron James,nan,F,nan,36:25:00,10.0,20.0,0.5,3.0,8.0,0.375,3.0,4.0,0.75,2.0,9.0,11.0,4.0,0.0,2.0,6.0,2.0,26.0,-9.0,Forward,0.08277631578947353,0.09808825939951168
74,41900312,2544,"James, LeBron",Los Angeles Lakers,1610612747,LAL,made,1,"Howard, Dwight",2730,0.016,1,0,0,0,0.0,0,0,0.0,0,0,0.0,,,,,,,,,,,,,,,,,,,,,1610612747,LAL,Los Angeles,LeBron James,nan,F,nan,36:25:00,10.0,20.0,0.5,3.0,8.0,0.375,3.0,4.0,0.75,2.0,9.0,11.0,4.0,0.0,2.0,6.0,2.0,26.0,-9.0,Forward,0.08277631578947353,0.09808825939951168
75,41900312,2730,"Howard, Dwight",Los Angeles Lakers,1610612747,LAL,made,1,"Caruso, Alex",1627936,0.1,1,0,0,0,0.0,0,0,0.0,0,0,0.0,,,,,,,,,,,,,,,,,,,,,1610612747,LAL,Los Angeles,Dwight Howard,nan,nan,nan,12:45,1.0,1.0,1.0,0.0,0.0,0.0,1.0,1.0,1.0,0.0,2.0,2.0,0.0,1.0,0.0,0.0,5.0,3.0,10.0,Center-Forward,0.08316204690831555,0.10142903801705985
76,41900312,2730,"Howard, Dwight",Los Angeles Lakers,1610612747,LAL,made,1,"Caldwell-Pope, Kentavious",203484,0.3,3,0,0,0,0.0,0,0,0.0,0,0,0.0,,,,,,,,,,,,,,,,,,,,,1610612747,LAL,Los Angeles,Dwight Howard,nan,nan,nan,12:45,1.0,1.0,1.0,0.0,0.0,0.0,1.0,1.0,1.0,0.0,2.0,2.0,0.0,1.0,0.0,0.0,5.0,3.0,10.0,Center-Forward,0.08316204690831555,0.10142903801705985
77,41900312,2730,"Howard, Dwight",Los Angeles Lakers,1610612747,LAL,made,1,"Davis, Anthony",203076,0.1,1,0,0,0,0.0,0,0,0.0,0,0,0.0,,,,,,,,,,,,,,,,,,,,,1610612747,LAL,Los Angeles,Dwight Howard,nan,nan,nan,12:45,1.0,1.0,1.0,0.0,0.0,0.0,1.0,1.0,1.0,0.0,2.0,2.0,0.0,1.0,0.0,0.0,5.0,3.0,10.0,Center-Forward,0.08316204690831555,0.10142903801705985
78,41900312,2730,"Howard, Dwight",Los Angeles Lakers,1610612747,LAL,made,1,"Rondo, Rajon",200765,0.3,3,0,0,0,0.0,0,0,0.0,0,0,0.0,,,,,,,,,,,,,,,,,,,,,1610612747,LAL,Los Angeles,Dwight Howard,nan,nan,nan,12:45,1.0,1.0,1.0,0.0,0.0,0.0,1.0,1.0,1.0,0.0,2.0,2.0,0.0,1.0,0.0,0.0,5.0,3.0,10.0,Center-Forward,0.08316204690831555,0.10142903801705985
79,41900312,2730,"Howard, Dwight",Los Angeles Lakers,1610612747,LAL,made,1,"James, LeBron",2544,0.2,2,0,0,0,0.0,0,0,0.0,0,0,0.0,,,,,,,,,,,,,,,,,,,,,1610612747,LAL,Los Angeles,Dwight Howard,nan,nan,nan,12:45,1.0,1.0,1.0,0.0,0.0,0.0,1.0,1.0,1.0,0.0,2.0,2.0,0.0,1.0,0.0,0.0,5.0,3.0,10.0,Center-Forward,0.08316204690831555,0.10142903801705985
80,41900312,200765,"Rondo, Rajon",Los Angeles Lakers,1610612747,LAL,made,1,"Kuzma, Kyle",1628398,0.143,6,1,1,3,0.333,1,2,0.5,0,1,0.0,,,,,,,,,,,,,,,,,,,,,1610612747,LAL,Los Angeles,Rajon Rondo,nan,nan,nan,21:06,1.0,3.0,0.333,1.0,2.0,0.5,0.0,0.0,0.0,1.0,3.0,4.0,9.0,1.0,0.0,5.0,3.0,3.0,6.0,Guard,0.07579927228623384,0.07772953644911912
81,41900312,200765,"Rondo, Rajon",Los Angeles Lakers,1610612747,LAL,made,1,"Caruso, Alex",1627936,0.214,9,2,2,3,0.667,1,1,1.0,1,2,0.5,,,,,,,,,,,,,,,,,,,,,1610612747,LAL,Los Angeles,Rajon Rondo,nan,nan,nan,21:06,1.0,3.0,0.333,1.0,2.0,0.5,0.0,0.0,0.0,1.0,3.0,4.0,9.0,1.0,0.0,5.0,3.0,3.0,6.0,Guard,0.07579927228623384,0.07772953644911912
82,41900312,200765,"Rondo, Rajon",Los Angeles Lakers,1610612747,LAL,made,1,"Caldwell-Pope, Kentavious",203484,0.071,3,1,1,2,0.5,0,1,0.0,1,1,1.0,,,,,,,,,,,,,,,,,,,,,1610612747,LAL,Los Angeles,Rajon Rondo,nan,nan,nan,21:06,1.0,3.0,0.333,1.0,2.0,0.5,0.0,0.0,0.0,1.0,3.0,4.0,9.0,1.0,0.0,5.0,3.0,3.0,6.0,Guard,0.07579927228623384,0.07772953644911912
83,41900312,200765,"Rondo, Rajon",Los Angeles Lakers,1610612747,LAL,made,1,"Davis, Anthony",203076,0.262,11,2,4,4,1.0,3,3,1.0,1,1,1.0,,,,,,,,,,,,,,,,,,,,,1610612747,LAL,Los Angeles,Rajon Rondo,nan,nan,nan,21:06,1.0,3.0,0.333,1.0,2.0,0.5,0.0,0.0,0.0,1.0,3.0,4.0,9.0,1.0,0.0,5.0,3.0,3.0,6.0,Guard,0.07579927228623384,0.07772953644911912
84,41900312,200765,"Rondo, Rajon",Los Angeles Lakers,1610612747,LAL,made,1,"Morris, Markieff",202693,0.024,1,0,0,0,0.0,0,0,0.0,0,0,0.0,,,,,,,,,,,,,,,,,,,,,1610612747,LAL,Los Angeles,Rajon Rondo,nan,nan,nan,21:06,1.0,3.0,0.333,1.0,2.0,0.5,0.0,0.0,0.0,1.0,3.0,4.0,9.0,1.0,0.0,5.0,3.0,3.0,6.0,Guard,0.07579927228623384,0.07772953644911912
85,41900312,200765,"Rondo, Rajon",Los Angeles Lakers,1610612747,LAL,made,1,"Green, Danny",201980,0.024,1,1,1,1,1.0,0,0,0.0,1,1,1.0,,,,,,,,,,,,,,,,,,,,,1610612747,LAL,Los Angeles,Rajon Rondo,nan,nan,nan,21:06,1.0,3.0,0.333,1.0,2.0,0.5,0.0,0.0,0.0,1.0,3.0,4.0,9.0,1.0,0.0,5.0,3.0,3.0,6.0,Guard,0.07579927228623384,0.07772953644911912
86,41900312,200765,"Rondo, Rajon",Los Angeles Lakers,1610612747,LAL,made,1,"Howard, Dwight",2730,0.071,3,1,1,1,1.0,1,1,1.0,0,0,0.0,,,,,,,,,,,,,,,,,,,,,1610612747,LAL,Los Angeles,Rajon Rondo,nan,nan,nan,21:06,1.0,3.0,0.333,1.0,2.0,0.5,0.0,0.0,0.0,1.0,3.0,4.0,9.0,1.0,0.0,5.0,3.0,3.0,6.0,Guard,0.07579927228623384,0.07772953644911912
87,41900312,200765,"Rondo, Rajon",Los Angeles Lakers,1610612747,LAL,made,1,"James, LeBron",2544,0.19,8,1,1,1,1.0,1,1,1.0,0,0,0.0,,,,,,,,,,,,,,,,,,,,,1610612747,LAL,Los Angeles,Rajon Rondo,nan,nan,nan,21:06,1.0,3.0,0.333,1.0,2.0,0.5,0.0,0.0,0.0,1.0,3.0,4.0,9.0,1.0,0.0,5.0,3.0,3.0,6.0,Guard,0.07579927228623384,0.07772953644911912
88,41900312,201580,"McGee, JaVale",Los Angeles Lakers,1610612747,LAL,made,1,"Caldwell-Pope, Kentavious",203484,0.091,1,0,0,0,0.0,0,0,0.0,0,0,0.0,,,,,,,,,,,,,,,,,,,,,1610612747,LAL,Los Angeles,JaVale McGee,nan,C,nan,11:45,1.0,3.0,0.333,0.0,0.0,0.0,1.0,1.0,1.0,3.0,2.0,5.0,2.0,0.0,0.0,2.0,2.0,3.0,-2.0,Center-Forward,0.08316204690831555,0.10142903801705985
89,41900312,201580,"McGee, JaVale",Los Angeles Lakers,1610612747,LAL,made,1,"Davis, Anthony",203076,0.091,1,0,1,1,1.0,1,1,1.0,0,0,0.0,,,,,,,,,,,,,,,,,,,,,1610612747,LAL,Los Angeles,JaVale McGee,nan,C,nan,11:45,1.0,3.0,0.333,0.0,0.0,0.0,1.0,1.0,1.0,3.0,2.0,5.0,2.0,0.0,0.0,2.0,2.0,3.0,-2.0,Center-Forward,0.08316204690831555,0.10142903801705985
90,41900312,201580,"McGee, JaVale",Los Angeles Lakers,1610612747,LAL,made,1,"Green, Danny",201980,0.091,1,0,0,0,0.0,0,0,0.0,0,0,0.0,,,,,,,,,,,,,,,,,,,,,1610612747,LAL,Los Angeles,JaVale McGee,nan,C,nan,11:45,1.0,3.0,0.333,0.0,0.0,0.0,1.0,1.0,1.0,3.0,2.0,5.0,2.0,0.0,0.0,2.0,2.0,3.0,-2.0,Center-Forward,0.08316204690831555,0.10142903801705985
91,41900312,201580,"McGee, JaVale",Los Angeles Lakers,1610612747,LAL,made,1,"James, LeBron",2544,0.727,8,2,2,3,0.667,0,1,0.0,2,2,1.0,,,,,,,,,,,,,,,,,,,,,1610612747,LAL,Los Angeles,JaVale McGee,nan,C,nan,11:45,1.0,3.0,0.333,0.0,0.0,0.0,1.0,1.0,1.0,3.0,2.0,5.0,2.0,0.0,0.0,2.0,2.0,3.0,-2.0,Center-Forward,0.08316204690831555,0.10142903801705985
92,41900312,201980,"Green, Danny",Los Angeles Lakers,1610612747,LAL,made,1,"Kuzma, Kyle",1628398,0.148,4,1,1,2,0.5,1,1,1.0,0,1,0.0,,,,,,,,,,,,,,,,,,,,,1610612747,LAL,Los Angeles,Danny Green,nan,G,nan,28:17:00,4.0,14.0,0.286,3.0,10.0,0.3,0.0,0.0,0.0,3.0,2.0,5.0,1.0,3.0,1.0,1.0,1.0,11.0,10.0,Guard,0.07579927228623384,0.07772953644911912
93,41900312,201980,"Green, Danny",Los Angeles Lakers,1610612747,LAL,made,1,"Caruso, Alex",1627936,0.037,1,0,0,0,0.0,0,0,0.0,0,0,0.0,,,,,,,,,,,,,,,,,,,,,1610612747,LAL,Los Angeles,Danny Green,nan,G,nan,28:17:00,4.0,14.0,0.286,3.0,10.0,0.3,0.0,0.0,0.0,3.0,2.0,5.0,1.0,3.0,1.0,1.0,1.0,11.0,10.0,Guard,0.07579927228623384,0.07772953644911912
94,41900312,201980,"Green, Danny",Los Angeles Lakers,1610612747,LAL,made,1,"Caldwell-Pope, Kentavious",203484,0.185,5,0,0,0,0.0,0,0,0.0,0,0,0.0,,,,,,,,,,,,,,,,,,,,,1610612747,LAL,Los Angeles,Danny Green,nan,G,nan,28:17:00,4.0,14.0,0.286,3.0,10.0,0.3,0.0,0.0,0.0,3.0,2.0,5.0,1.0,3.0,1.0,1.0,1.0,11.0,10.0,Guard,0.07579927228623384,0.07772953644911912
95,41900312,201980,"Green, Danny",Los Angeles Lakers,1610612747,LAL,made,1,"Davis, Anthony",203076,0.074,2,0,0,0,0.0,0,0,0.0,0,0,0.0,,,,,,,,,,,,,,,,,,,,,1610612747,LAL,Los Angeles,Danny Green,nan,G,nan,28:17:00,4.0,14.0,0.286,3.0,10.0,0.3,0.0,0.0,0.0,3.0,2.0,5.0,1.0,3.0,1.0,1.0,1.0,11.0,10.0,Guard,0.07579927228623384,0.07772953644911912
96,41900312,201980,"Green, Danny",Los Angeles Lakers,1610612747,LAL,made,1,"McGee, JaVale",201580,0.037,1,0,0,0,0.0,0,0,0.0,0,0,0.0,,,,,,,,,,,,,,,,,,,,,1610612747,LAL,Los Angeles,Danny Green,nan,G,nan,28:17:00,4.0,14.0,0.286,3.0,10.0,0.3,0.0,0.0,0.0,3.0,2.0,5.0,1.0,3.0,1.0,1.0,1.0,11.0,10.0,Guard,0.07579927228623384,0.07772953644911912
97,41900312,201980,"Green, Danny",Los Angeles Lakers,1610612747,LAL,made,1,"Rondo, Rajon",200765,0.037,1,0,0,0,0.0,0,0,0.0,0,0,0.0,,,,,,,,,,,,,,,,,,,,,1610612747,LAL,Los Angeles,Danny Green,nan,G,nan,28:17:00,4.0,14.0,0.286,3.0,10.0,0.3,0.0,0.0,0.0,3.0,2.0,5.0,1.0,3.0,1.0,1.0,1.0,11.0,10.0,Guard,0.07579927228623384,0.07772953644911912
98,41900312,201980,"Green, Danny",Los Angeles Lakers,1610612747,LAL,made,1,"James, LeBron",2544,0.481,13,0,2,2,1.0,2,2,1.0,0,0,0.0,,,,,,,,,,,,,,,,,,,,,1610612747,LAL,Los Angeles,Danny Green,nan,G,nan,28:17:00,4.0,14.0,0.286,3.0,10.0,0.3,0.0,0.0,0.0,3.0,2.0,5.0,1.0,3.0,1.0,1.0,1.0,11.0,10.0,Guard,0.07579927228623384,0.07772953644911912
99,41900312,203076,"Davis, Anthony",Los Angeles Lakers,1610612747,LAL,made,1,"Caruso, Alex",1627936,0.2,8,0,0,0,0.0,0,0,0.0,0,0,0.0,,,,,,,,,,,,,,,,,,,,,1610612747,LAL,Los Angeles,Anthony Davis,nan,F,nan,39:18:00,11.0,23.0,0.478,2.0,4.0,0.5,7.0,7.0,1.0,2.0,7.0,9.0,2.0,1.0,2.0,1.0,4.0,31.0,8.0,Forward-Center,0.07763774733637752,0.10299718638018637
100,41900312,203076,"Davis, Anthony",Los Angeles Lakers,1610612747,LAL,made,1,"Caldwell-Pope, Kentavious",203484,0.1,4,0,0,1,0.0,0,1,0.0,0,0,0.0,,,,,,,,,,,,,,,,,,,,,1610612747,LAL,Los Angeles,Anthony Davis,nan,F,nan,39:18:00,11.0,23.0,0.478,2.0,4.0,0.5,7.0,7.0,1.0,2.0,7.0,9.0,2.0,1.0,2.0,1.0,4.0,31.0,8.0,Forward-Center,0.07763774733637752,0.10299718638018637
101,41900312,203076,"Davis, Anthony",Los Angeles Lakers,1610612747,LAL,made,1,"Green, Danny",201980,0.1,4,2,2,3,0.667,0,0,0.0,2,3,0.667,,,,,,,,,,,,,,,,,,,,,1610612747,LAL,Los Angeles,Anthony Davis,nan,F,nan,39:18:00,11.0,23.0,0.478,2.0,4.0,0.5,7.0,7.0,1.0,2.0,7.0,9.0,2.0,1.0,2.0,1.0,4.0,31.0,8.0,Forward-Center,0.07763774733637752,0.10299718638018637
102,41900312,203076,"Davis, Anthony",Los Angeles Lakers,1610612747,LAL,made,1,"Rondo, Rajon",200765,0.2,8,0,1,2,0.5,0,0,0.0,1,2,0.5,,,,,,,,,,,,,,,,,,,,,1610612747,LAL,Los Angeles,Anthony Davis,nan,F,nan,39:18:00,11.0,23.0,0.478,2.0,4.0,0.5,7.0,7.0,1.0,2.0,7.0,9.0,2.0,1.0,2.0,1.0,4.0,31.0,8.0,Forward-Center,0.07763774733637752,0.10299718638018637
103,41900312,203076,"Davis, Anthony",Los Angeles Lakers,1610612747,LAL,made,1,"Howard, Dwight",2730,0.075,3,0,0,0,0.0,0,0,0.0,0,0,0.0,,,,,,,,,,,,,,,,,,,,,1610612747,LAL,Los Angeles,Anthony Davis,nan,F,nan,39:18:00,11.0,23.0,0.478,2.0,4.0,0.5,7.0,7.0,1.0,2.0,7.0,9.0,2.0,1.0,2.0,1.0,4.0,31.0,8.0,Forward-Center,0.07763774733637752,0.10299718638018637
104,41900312,203076,"Davis, Anthony",Los Angeles Lakers,1610612747,LAL,made,1,"James, LeBron",2544,0.325,13,0,0,4,0.0,0,2,0.0,0,2,0.0,,,,,,,,,,,,,,,,,,,,,1610612747,LAL,Los Angeles,Anthony Davis,nan,F,nan,39:18:00,11.0,23.0,0.478,2.0,4.0,0.5,7.0,7.0,1.0,2.0,7.0,9.0,2.0,1.0,2.0,1.0,4.0,31.0,8.0,Forward-Center,0.07763774733637752,0.10299718638018637
105,41900312,203484,"Caldwell-Pope, Kentavious",Los Angeles Lakers,1610612747,LAL,made,1,"Caruso, Alex",1627936,0.036,1,0,0,1,0.0,0,0,0.0,0,1,0.0,,,,,,,,,,,,,,,,,,,,,1610612747,LAL,Los Angeles,Kentavious Caldwell-Pope,nan,G,nan,31:23:00,3.0,6.0,0.5,3.0,5.0,0.6,2.0,2.0,1.0,0.0,2.0,2.0,1.0,1.0,1.0,2.0,4.0,11.0,-2.0,Guard,0.07579927228623384,0.07772953644911912
106,41900312,203484,"Caldwell-Pope, Kentavious",Los Angeles Lakers,1610612747,LAL,made,1,"Davis, Anthony",203076,0.321,9,0,2,3,0.667,2,3,0.667,0,0,0.0,,,,,,,,,,,,,,,,,,,,,1610612747,LAL,Los Angeles,Kentavious Caldwell-Pope,nan,G,nan,31:23:00,3.0,6.0,0.5,3.0,5.0,0.6,2.0,2.0,1.0,0.0,2.0,2.0,1.0,1.0,1.0,2.0,4.0,11.0,-2.0,Guard,0.07579927228623384,0.07772953644911912
107,41900312,203484,"Caldwell-Pope, Kentavious",Los Angeles Lakers,1610612747,LAL,made,1,"Green, Danny",201980,0.036,1,0,0,1,0.0,0,0,0.0,0,1,0.0,,,,,,,,,,,,,,,,,,,,,1610612747,LAL,Los Angeles,Kentavious Caldwell-Pope,nan,G,nan,31:23:00,3.0,6.0,0.5,3.0,5.0,0.6,2.0,2.0,1.0,0.0,2.0,2.0,1.0,1.0,1.0,2.0,4.0,11.0,-2.0,Guard,0.07579927228623384,0.07772953644911912
108,41900312,203484,"Caldwell-Pope, Kentavious",Los Angeles Lakers,1610612747,LAL,made,1,"McGee, JaVale",201580,0.036,1,1,1,1,1.0,1,1,1.0,0,0,0.0,,,,,,,,,,,,,,,,,,,,,1610612747,LAL,Los Angeles,Kentavious Caldwell-Pope,nan,G,nan,31:23:00,3.0,6.0,0.5,3.0,5.0,0.6,2.0,2.0,1.0,0.0,2.0,2.0,1.0,1.0,1.0,2.0,4.0,11.0,-2.0,Guard,0.07579927228623384,0.07772953644911912
109,41900312,203484,"Caldwell-Pope, Kentavious",Los Angeles Lakers,1610612747,LAL,made,1,"Rondo, Rajon",200765,0.143,4,0,0,0,0.0,0,0,0.0,0,0,0.0,,,,,,,,,,,,,,,,,,,,,1610612747,LAL,Los Angeles,Kentavious Caldwell-Pope,nan,G,nan,31:23:00,3.0,6.0,0.5,3.0,5.0,0.6,2.0,2.0,1.0,0.0,2.0,2.0,1.0,1.0,1.0,2.0,4.0,11.0,-2.0,Guard,0.07579927228623384,0.07772953644911912
110,41900312,203484,"Caldwell-Pope, Kentavious",Los Angeles Lakers,1610612747,LAL,made,1,"James, LeBron",2544,0.429,12,0,2,3,0.667,2,2,1.0,0,1,0.0,,,,,,,,,,,,,,,,,,,,,1610612747,LAL,Los Angeles,Kentavious Caldwell-Pope,nan,G,nan,31:23:00,3.0,6.0,0.5,3.0,5.0,0.6,2.0,2.0,1.0,0.0,2.0,2.0,1.0,1.0,1.0,2.0,4.0,11.0,-2.0,Guard,0.07579927228623384,0.07772953644911912
111,41900312,1627936,"Caruso, Alex",Los Angeles Lakers,1610612747,LAL,made,1,"Kuzma, Kyle",1628398,0.048,2,0,0,1,0.0,0,1,0.0,0,0,0.0,,,,,,,,,,,,,,,,,,,,,1610612747,LAL,Los Angeles,Alex Caruso,nan,nan,nan,28:50:00,3.0,6.0,0.5,1.0,4.0,0.25,2.0,2.0,1.0,0.0,2.0,2.0,2.0,2.0,1.0,1.0,3.0,9.0,-1.0,Guard,0.07579927228623384,0.07772953644911912
112,41900312,1627936,"Caruso, Alex",Los Angeles Lakers,1610612747,LAL,made,1,"Caldwell-Pope, Kentavious",203484,0.071,3,2,2,2,1.0,0,0,0.0,2,2,1.0,,,,,,,,,,,,,,,,,,,,,1610612747,LAL,Los Angeles,Alex Caruso,nan,nan,nan,28:50:00,3.0,6.0,0.5,1.0,4.0,0.25,2.0,2.0,1.0,0.0,2.0,2.0,2.0,2.0,1.0,1.0,3.0,9.0,-1.0,Guard,0.07579927228623384,0.07772953644911912
113,41900312,1627936,"Caruso, Alex",Los Angeles Lakers,1610612747,LAL,made,1,"Davis, Anthony",203076,0.143,6,0,0,2,0.0,0,2,0.0,0,0,0.0,,,,,,,,,,,,,,,,,,,,,1610612747,LAL,Los Angeles,Alex Caruso,nan,nan,nan,28:50:00,3.0,6.0,0.5,1.0,4.0,0.25,2.0,2.0,1.0,0.0,2.0,2.0,2.0,2.0,1.0,1.0,3.0,9.0,-1.0,Guard,0.07579927228623384,0.07772953644911912
114,41900312,1627936,"Caruso, Alex",Los Angeles Lakers,1610612747,LAL,made,1,"Green, Danny",201980,0.024,1,0,0,1,0.0,0,0,0.0,0,1,0.0,,,,,,,,,,,,,,,,,,,,,1610612747,LAL,Los Angeles,Alex Caruso,nan,nan,nan,28:50:00,3.0,6.0,0.5,1.0,4.0,0.25,2.0,2.0,1.0,0.0,2.0,2.0,2.0,2.0,1.0,1.0,3.0,9.0,-1.0,Guard,0.07579927228623384,0.07772953644911912
115,41900312,1627936,"Caruso, Alex",Los Angeles Lakers,1610612747,LAL,made,1,"Rondo, Rajon",200765,0.333,14,0,0,0,0.0,0,0,0.0,0,0,0.0,,,,,,,,,,,,,,,,,,,,,1610612747,LAL,Los Angeles,Alex Caruso,nan,nan,nan,28:50:00,3.0,6.0,0.5,1.0,4.0,0.25,2.0,2.0,1.0,0.0,2.0,2.0,2.0,2.0,1.0,1.0,3.0,9.0,-1.0,Guard,0.07579927228623384,0.07772953644911912
116,41900312,1627936,"Caruso, Alex",Los Angeles Lakers,1610612747,LAL,made,1,"Howard, Dwight",2730,0.024,1,0,0,0,0.0,0,0,0.0,0,0,0.0,,,,,,,,,,,,,,,,,,,,,1610612747,LAL,Los Angeles,Alex Caruso,nan,nan,nan,28:50:00,3.0,6.0,0.5,1.0,4.0,0.25,2.0,2.0,1.0,0.0,2.0,2.0,2.0,2.0,1.0,1.0,3.0,9.0,-1.0,Guard,0.07579927228623384,0.07772953644911912
117,41900312,1627936,"Caruso, Alex",Los Angeles Lakers,1610612747,LAL,made,1,"James, LeBron",2544,0.357,15,0,1,4,0.25,0,2,0.0,1,2,0.5,,,,,,,,,,,,,,,,,,,,,1610612747,LAL,Los Angeles,Alex Caruso,nan,nan,nan,28:50:00,3.0,6.0,0.5,1.0,4.0,0.25,2.0,2.0,1.0,0.0,2.0,2.0,2.0,2.0,1.0,1.0,3.0,9.0,-1.0,Guard,0.07579927228623384,0.07772953644911912
118,41900312,1628398,"Kuzma, Kyle",Los Angeles Lakers,1610612747,LAL,made,1,"Caruso, Alex",1627936,0.167,2,0,0,0,0.0,0,0,0.0,0,0,0.0,,,,,,,,,,,,,,,,,,,,,1610612747,LAL,Los Angeles,Kyle Kuzma,nan,nan,nan,20:57,3.0,7.0,0.429,0.0,3.0,0.0,2.0,2.0,1.0,1.0,2.0,3.0,1.0,0.0,0.0,4.0,4.0,8.0,-2.0,Forward,0.08277631578947353,0.09808825939951168
119,41900312,1628398,"Kuzma, Kyle",Los Angeles Lakers,1610612747,LAL,made,1,"Davis, Anthony",203076,0.167,2,0,0,1,0.0,0,1,0.0,0,0,0.0,,,,,,,,,,,,,,,,,,,,,1610612747,LAL,Los Angeles,Kyle Kuzma,nan,nan,nan,20:57,3.0,7.0,0.429,0.0,3.0,0.0,2.0,2.0,1.0,1.0,2.0,3.0,1.0,0.0,0.0,4.0,4.0,8.0,-2.0,Forward,0.08277631578947353,0.09808825939951168
120,41900312,1628398,"Kuzma, Kyle",Los Angeles Lakers,1610612747,LAL,made,1,"Morris, Markieff",202693,0.167,2,0,0,0,0.0,0,0,0.0,0,0,0.0,,,,,,,,,,,,,,,,,,,,,1610612747,LAL,Los Angeles,Kyle Kuzma,nan,nan,nan,20:57,3.0,7.0,0.429,0.0,3.0,0.0,2.0,2.0,1.0,1.0,2.0,3.0,1.0,0.0,0.0,4.0,4.0,8.0,-2.0,Forward,0.08277631578947353,0.09808825939951168
121,41900312,1628398,"Kuzma, Kyle",Los Angeles Lakers,1610612747,LAL,made,1,"Green, Danny",201980,0.083,1,0,0,0,0.0,0,0,0.0,0,0,0.0,,,,,,,,,,,,,,,,,,,,,1610612747,LAL,Los Angeles,Kyle Kuzma,nan,nan,nan,20:57,3.0,7.0,0.429,0.0,3.0,0.0,2.0,2.0,1.0,1.0,2.0,3.0,1.0,0.0,0.0,4.0,4.0,8.0,-2.0,Forward,0.08277631578947353,0.09808825939951168
122,41900312,1628398,"Kuzma, Kyle",Los Angeles Lakers,1610612747,LAL,made,1,"Rondo, Rajon",200765,0.25,3,0,0,0,0.0,0,0,0.0,0,0,0.0,,,,,,,,,,,,,,,,,,,,,1610612747,LAL,Los Angeles,Kyle Kuzma,nan,nan,nan,20:57,3.0,7.0,0.429,0.0,3.0,0.0,2.0,2.0,1.0,1.0,2.0,3.0,1.0,0.0,0.0,4.0,4.0,8.0,-2.0,Forward,0.08277631578947353,0.09808825939951168
123,41900312,1628398,"Kuzma, Kyle",Los Angeles Lakers,1610612747,LAL,made,1,"James, LeBron",2544,0.167,2,1,1,1,1.0,1,1,1.0,0,0,0.0,,,,,,,,,,,,,,,,,,,,,1610612747,LAL,Los Angeles,Kyle Kuzma,nan,nan,nan,20:57,3.0,7.0,0.429,0.0,3.0,0.0,2.0,2.0,1.0,1.0,2.0,3.0,1.0,0.0,0.0,4.0,4.0,8.0,-2.0,Forward,0.08277631578947353,0.09808825939951168
124,41900313,200794,"Millsap, Paul",Denver Nuggets,1610612743,DEN,made,1,"Morris, Monte",1628420,0.061,2,0,0,0,0.0,0,0,0.0,0,0,0.0,,,,,,,,,,,,,,,,,,,,,1610612743,DEN,Denver,Paul Millsap,nan,F,nan,31:02:00,2.0,8.0,0.25,0.0,3.0,0.0,2.0,2.0,1.0,1.0,7.0,8.0,1.0,0.0,1.0,1.0,4.0,6.0,11.0,Forward,0.08277631578947353,0.09808825939951168
125,41900313,200794,"Millsap, Paul",Denver Nuggets,1610612743,DEN,made,1,"Murray, Jamal",1627750,0.424,14,0,0,1,0.0,0,1,0.0,0,0,0.0,,,,,,,,,,,,,,,,,,,,,1610612743,DEN,Denver,Paul Millsap,nan,F,nan,31:02:00,2.0,8.0,0.25,0.0,3.0,0.0,2.0,2.0,1.0,1.0,7.0,8.0,1.0,0.0,1.0,1.0,4.0,6.0,11.0,Forward,0.08277631578947353,0.09808825939951168
126,41900313,200794,"Millsap, Paul",Denver Nuggets,1610612743,DEN,made,1,"Jokic, Nikola",203999,0.333,11,0,0,1,0.0,0,0,0.0,0,1,0.0,,,,,,,,,,,,,,,,,,,,,1610612743,DEN,Denver,Paul Millsap,nan,F,nan,31:02:00,2.0,8.0,0.25,0.0,3.0,0.0,2.0,2.0,1.0,1.0,7.0,8.0,1.0,0.0,1.0,1.0,4.0,6.0,11.0,Forward,0.08277631578947353,0.09808825939951168
127,41900313,200794,"Millsap, Paul",Denver Nuggets,1610612743,DEN,made,1,"Grant, Jerami",203924,0.152,5,1,1,1,1.0,0,0,0.0,1,1,1.0,,,,,,,,,,,,,,,,,,,,,1610612743,DEN,Denver,Paul Millsap,nan,F,nan,31:02:00,2.0,8.0,0.25,0.0,3.0,0.0,2.0,2.0,1.0,1.0,7.0,8.0,1.0,0.0,1.0,1.0,4.0,6.0,11.0,Forward,0.08277631578947353,0.09808825939951168
128,41900313,200794,"Millsap, Paul",Denver Nuggets,1610612743,DEN,made,1,"Harris, Gary",203914,0.03,1,0,0,0,0.0,0,0,0.0,0,0,0.0,,,,,,,,,,,,,,,,,,,,,1610612743,DEN,Denver,Paul Millsap,nan,F,nan,31:02:00,2.0,8.0,0.25,0.0,3.0,0.0,2.0,2.0,1.0,1.0,7.0,8.0,1.0,0.0,1.0,1.0,4.0,6.0,11.0,Forward,0.08277631578947353,0.09808825939951168
129,41900313,203486,"Plumlee, Mason",Denver Nuggets,1610612743,DEN,made,1,"Murray, Jamal",1627750,1.0,2,1,1,1,1.0,0,0,0.0,1,1,1.0,,,,,,,,,,,,,,,,,,,,,1610612743,DEN,Denver,Mason Plumlee,nan,nan,nan,04:35,0.0,1.0,0.0,0.0,0.0,0.0,0.0,0.0,0.0,1.0,1.0,2.0,1.0,0.0,0.0,1.0,1.0,0.0,10.0,Forward-Center,0.07763774733637752,0.10299718638018637
130,41900313,203914,"Harris, Gary",Denver Nuggets,1610612743,DEN,made,1,"Porter Jr., Michael",1629008,0.042,1,0,0,0,0.0,0,0,0.0,0,0,0.0,,,,,,,,,,,,,,,,,,,,,1610612743,DEN,Denver,Gary Harris,nan,G,nan,32:19:00,2.0,5.0,0.4,1.0,2.0,0.5,2.0,2.0,1.0,0.0,0.0,0.0,3.0,0.0,0.0,1.0,0.0,7.0,6.0,Guard,0.07579927228623384,0.07772953644911912
131,41900313,203914,"Harris, Gary",Denver Nuggets,1610612743,DEN,made,1,"Murray, Jamal",1627750,0.292,7,1,2,3,0.667,0,1,0.0,2,2,1.0,,,,,,,,,,,,,,,,,,,,,1610612743,DEN,Denver,Gary Harris,nan,G,nan,32:19:00,2.0,5.0,0.4,1.0,2.0,0.5,2.0,2.0,1.0,0.0,0.0,0.0,3.0,0.0,0.0,1.0,0.0,7.0,6.0,Guard,0.07579927228623384,0.07772953644911912
132,41900313,203914,"Harris, Gary",Denver Nuggets,1610612743,DEN,made,1,"Jokic, Nikola",203999,0.333,8,0,1,2,0.5,1,2,0.5,0,0,0.0,,,,,,,,,,,,,,,,,,,,,1610612743,DEN,Denver,Gary Harris,nan,G,nan,32:19:00,2.0,5.0,0.4,1.0,2.0,0.5,2.0,2.0,1.0,0.0,0.0,0.0,3.0,0.0,0.0,1.0,0.0,7.0,6.0,Guard,0.07579927228623384,0.07772953644911912
133,41900313,203914,"Harris, Gary",Denver Nuggets,1610612743,DEN,made,1,"Grant, Jerami",203924,0.125,3,2,2,2,1.0,2,2,1.0,0,0,0.0,,,,,,,,,,,,,,,,,,,,,1610612743,DEN,Denver,Gary Harris,nan,G,nan,32:19:00,2.0,5.0,0.4,1.0,2.0,0.5,2.0,2.0,1.0,0.0,0.0,0.0,3.0,0.0,0.0,1.0,0.0,7.0,6.0,Guard,0.07579927228623384,0.07772953644911912
134,41900313,203914,"Harris, Gary",Denver Nuggets,1610612743,DEN,made,1,"Millsap, Paul",200794,0.208,5,0,0,1,0.0,0,0,0.0,0,1,0.0,,,,,,,,,,,,,,,,,,,,,1610612743,DEN,Denver,Gary Harris,nan,G,nan,32:19:00,2.0,5.0,0.4,1.0,2.0,0.5,2.0,2.0,1.0,0.0,0.0,0.0,3.0,0.0,0.0,1.0,0.0,7.0,6.0,Guard,0.07579927228623384,0.07772953644911912
135,41900313,203924,"Grant, Jerami",Denver Nuggets,1610612743,DEN,made,1,"Craig, Torrey",1628470,0.097,3,1,1,1,1.0,1,1,1.0,0,0,0.0,,,,,,,,,,,,,,,,,,,,,1610612743,DEN,Denver,Jerami Grant,nan,F,nan,33:40:00,7.0,11.0,0.636,2.0,5.0,0.4,10.0,12.0,0.833,0.0,3.0,3.0,1.0,2.0,0.0,2.0,3.0,26.0,-8.0,Forward,0.08277631578947353,0.09808825939951168
136,41900313,203924,"Grant, Jerami",Denver Nuggets,1610612743,DEN,made,1,"Morris, Monte",1628420,0.129,4,0,0,1,0.0,0,0,0.0,0,1,0.0,,,,,,,,,,,,,,,,,,,,,1610612743,DEN,Denver,Jerami Grant,nan,F,nan,33:40:00,7.0,11.0,0.636,2.0,5.0,0.4,10.0,12.0,0.833,0.0,3.0,3.0,1.0,2.0,0.0,2.0,3.0,26.0,-8.0,Forward,0.08277631578947353,0.09808825939951168
137,41900313,203924,"Grant, Jerami",Denver Nuggets,1610612743,DEN,made,1,"Murray, Jamal",1627750,0.258,8,0,1,1,1.0,1,1,1.0,0,0,0.0,,,,,,,,,,,,,,,,,,,,,1610612743,DEN,Denver,Jerami Grant,nan,F,nan,33:40:00,7.0,11.0,0.636,2.0,5.0,0.4,10.0,12.0,0.833,0.0,3.0,3.0,1.0,2.0,0.0,2.0,3.0,26.0,-8.0,Forward,0.08277631578947353,0.09808825939951168
138,41900313,203924,"Grant, Jerami",Denver Nuggets,1610612743,DEN,made,1,"Jokic, Nikola",203999,0.323,10,0,0,1,0.0,0,0,0.0,0,1,0.0,,,,,,,,,,,,,,,,,,,,,1610612743,DEN,Denver,Jerami Grant,nan,F,nan,33:40:00,7.0,11.0,0.636,2.0,5.0,0.4,10.0,12.0,0.833,0.0,3.0,3.0,1.0,2.0,0.0,2.0,3.0,26.0,-8.0,Forward,0.08277631578947353,0.09808825939951168
139,41900313,203924,"Grant, Jerami",Denver Nuggets,1610612743,DEN,made,1,"Harris, Gary",203914,0.129,4,0,0,1,0.0,0,0,0.0,0,1,0.0,,,,,,,,,,,,,,,,,,,,,1610612743,DEN,Denver,Jerami Grant,nan,F,nan,33:40:00,7.0,11.0,0.636,2.0,5.0,0.4,10.0,12.0,0.833,0.0,3.0,3.0,1.0,2.0,0.0,2.0,3.0,26.0,-8.0,Forward,0.08277631578947353,0.09808825939951168
140,41900313,203924,"Grant, Jerami",Denver Nuggets,1610612743,DEN,made,1,"Millsap, Paul",200794,0.065,2,0,0,0,0.0,0,0,0.0,0,0,0.0,,,,,,,,,,,,,,,,,,,,,1610612743,DEN,Denver,Jerami Grant,nan,F,nan,33:40:00,7.0,11.0,0.636,2.0,5.0,0.4,10.0,12.0,0.833,0.0,3.0,3.0,1.0,2.0,0.0,2.0,3.0,26.0,-8.0,Forward,0.08277631578947353,0.09808825939951168
141,41900313,203999,"Jokic, Nikola",Denver Nuggets,1610612743,DEN,made,1,"Porter Jr., Michael",1629008,0.025,2,1,1,1,1.0,1,1,1.0,0,0,0.0,,,,,,,,,,,,,,,,,,,,,1610612743,DEN,Denver,Nikola Jokic,nan,C,nan,37:24:00,9.0,14.0,0.643,1.0,3.0,0.333,3.0,4.0,0.75,3.0,7.0,10.0,5.0,1.0,1.0,5.0,4.0,22.0,7.0,Center,0.08821875,0.1129606506623714
142,41900313,203999,"Jokic, Nikola",Denver Nuggets,1610612743,DEN,made,1,"Craig, Torrey",1628470,0.013,1,0,0,1,0.0,0,1,0.0,0,0,0.0,,,,,,,,,,,,,,,,,,,,,1610612743,DEN,Denver,Nikola Jokic,nan,C,nan,37:24:00,9.0,14.0,0.643,1.0,3.0,0.333,3.0,4.0,0.75,3.0,7.0,10.0,5.0,1.0,1.0,5.0,4.0,22.0,7.0,Center,0.08821875,0.1129606506623714
143,41900313,203999,"Jokic, Nikola",Denver Nuggets,1610612743,DEN,made,1,"Morris, Monte",1628420,0.1,8,1,1,1,1.0,0,0,0.0,1,1,1.0,,,,,,,,,,,,,,,,,,,,,1610612743,DEN,Denver,Nikola Jokic,nan,C,nan,37:24:00,9.0,14.0,0.643,1.0,3.0,0.333,3.0,4.0,0.75,3.0,7.0,10.0,5.0,1.0,1.0,5.0,4.0,22.0,7.0,Center,0.08821875,0.1129606506623714
144,41900313,203999,"Jokic, Nikola",Denver Nuggets,1610612743,DEN,made,1,"Murray, Jamal",1627750,0.513,41,1,2,5,0.4,1,2,0.5,1,3,0.333,,,,,,,,,,,,,,,,,,,,,1610612743,DEN,Denver,Nikola Jokic,nan,C,nan,37:24:00,9.0,14.0,0.643,1.0,3.0,0.333,3.0,4.0,0.75,3.0,7.0,10.0,5.0,1.0,1.0,5.0,4.0,22.0,7.0,Center,0.08821875,0.1129606506623714
145,41900313,203999,"Jokic, Nikola",Denver Nuggets,1610612743,DEN,made,1,"Grant, Jerami",203924,0.075,6,0,0,4,0.0,0,3,0.0,0,1,0.0,,,,,,,,,,,,,,,,,,,,,1610612743,DEN,Denver,Nikola Jokic,nan,C,nan,37:24:00,9.0,14.0,0.643,1.0,3.0,0.333,3.0,4.0,0.75,3.0,7.0,10.0,5.0,1.0,1.0,5.0,4.0,22.0,7.0,Center,0.08821875,0.1129606506623714
146,41900313,203999,"Jokic, Nikola",Denver Nuggets,1610612743,DEN,made,1,"Harris, Gary",203914,0.175,14,2,2,4,0.5,1,3,0.333,1,1,1.0,,,,,,,,,,,,,,,,,,,,,1610612743,DEN,Denver,Nikola Jokic,nan,C,nan,37:24:00,9.0,14.0,0.643,1.0,3.0,0.333,3.0,4.0,0.75,3.0,7.0,10.0,5.0,1.0,1.0,5.0,4.0,22.0,7.0,Center,0.08821875,0.1129606506623714
147,41900313,203999,"Jokic, Nikola",Denver Nuggets,1610612743,DEN,made,1,"Millsap, Paul",200794,0.1,8,0,0,3,0.0,0,2,0.0,0,1,0.0,,,,,,,,,,,,,,,,,,,,,1610612743,DEN,Denver,Nikola Jokic,nan,C,nan,37:24:00,9.0,14.0,0.643,1.0,3.0,0.333,3.0,4.0,0.75,3.0,7.0,10.0,5.0,1.0,1.0,5.0,4.0,22.0,7.0,Center,0.08821875,0.1129606506623714
148,41900313,1627750,"Murray, Jamal",Denver Nuggets,1610612743,DEN,made,1,"Porter Jr., Michael",1629008,0.104,8,2,2,4,0.5,1,2,0.5,1,2,0.5,,,,,,,,,,,,,,,,,,,,,1610612743,DEN,Denver,Jamal Murray,nan,G,nan,43:43:00,10.0,17.0,0.588,4.0,8.0,0.5,4.0,7.0,0.571,2.0,6.0,8.0,12.0,2.0,0.0,4.0,1.0,28.0,8.0,Guard,0.07579927228623384,0.07772953644911912
149,41900313,1627750,"Murray, Jamal",Denver Nuggets,1610612743,DEN,made,1,"Morris, Monte",1628420,0.104,8,2,2,3,0.667,1,1,1.0,1,2,0.5,,,,,,,,,,,,,,,,,,,,,1610612743,DEN,Denver,Jamal Murray,nan,G,nan,43:43:00,10.0,17.0,0.588,4.0,8.0,0.5,4.0,7.0,0.571,2.0,6.0,8.0,12.0,2.0,0.0,4.0,1.0,28.0,8.0,Guard,0.07579927228623384,0.07772953644911912
150,41900313,1627750,"Murray, Jamal",Denver Nuggets,1610612743,DEN,made,1,"Jokic, Nikola",203999,0.338,26,4,4,6,0.667,3,5,0.6,1,1,1.0,,,,,,,,,,,,,,,,,,,,,1610612743,DEN,Denver,Jamal Murray,nan,G,nan,43:43:00,10.0,17.0,0.588,4.0,8.0,0.5,4.0,7.0,0.571,2.0,6.0,8.0,12.0,2.0,0.0,4.0,1.0,28.0,8.0,Guard,0.07579927228623384,0.07772953644911912
151,41900313,1627750,"Murray, Jamal",Denver Nuggets,1610612743,DEN,made,1,"Grant, Jerami",203924,0.195,15,2,3,6,0.5,2,3,0.667,1,3,0.333,,,,,,,,,,,,,,,,,,,,,1610612743,DEN,Denver,Jamal Murray,nan,G,nan,43:43:00,10.0,17.0,0.588,4.0,8.0,0.5,4.0,7.0,0.571,2.0,6.0,8.0,12.0,2.0,0.0,4.0,1.0,28.0,8.0,Guard,0.07579927228623384,0.07772953644911912
152,41900313,1627750,"Murray, Jamal",Denver Nuggets,1610612743,DEN,made,1,"Harris, Gary",203914,0.104,8,0,0,0,0.0,0,0,0.0,0,0,0.0,,,,,,,,,,,,,,,,,,,,,1610612743,DEN,Denver,Jamal Murray,nan,G,nan,43:43:00,10.0,17.0,0.588,4.0,8.0,0.5,4.0,7.0,0.571,2.0,6.0,8.0,12.0,2.0,0.0,4.0,1.0,28.0,8.0,Guard,0.07579927228623384,0.07772953644911912
153,41900313,1627750,"Murray, Jamal",Denver Nuggets,1610612743,DEN,made,1,"Plumlee, Mason",203486,0.013,1,0,0,0,0.0,0,0,0.0,0,0,0.0,,,,,,,,,,,,,,,,,,,,,1610612743,DEN,Denver,Jamal Murray,nan,G,nan,43:43:00,10.0,17.0,0.588,4.0,8.0,0.5,4.0,7.0,0.571,2.0,6.0,8.0,12.0,2.0,0.0,4.0,1.0,28.0,8.0,Guard,0.07579927228623384,0.07772953644911912
154,41900313,1627750,"Murray, Jamal",Denver Nuggets,1610612743,DEN,made,1,"Millsap, Paul",200794,0.143,11,2,2,4,0.5,2,3,0.667,0,1,0.0,,,,,,,,,,,,,,,,,,,,,1610612743,DEN,Denver,Jamal Murray,nan,G,nan,43:43:00,10.0,17.0,0.588,4.0,8.0,0.5,4.0,7.0,0.571,2.0,6.0,8.0,12.0,2.0,0.0,4.0,1.0,28.0,8.0,Guard,0.07579927228623384,0.07772953644911912
155,41900313,1628420,"Morris, Monte",Denver Nuggets,1610612743,DEN,made,1,"Porter Jr., Michael",1629008,0.069,2,0,0,0,0.0,0,0,0.0,0,0,0.0,,,,,,,,,,,,,,,,,,,,,1610612743,DEN,Denver,Monte Morris,nan,nan,nan,19:55,5.0,7.0,0.714,2.0,4.0,0.5,2.0,2.0,1.0,0.0,1.0,1.0,1.0,0.0,0.0,0.0,2.0,14.0,10.0,Guard,0.07579927228623384,0.07772953644911912
156,41900313,1628420,"Morris, Monte",Denver Nuggets,1610612743,DEN,made,1,"Craig, Torrey",1628470,0.034,1,0,0,1,0.0,0,0,0.0,0,1,0.0,,,,,,,,,,,,,,,,,,,,,1610612743,DEN,Denver,Monte Morris,nan,nan,nan,19:55,5.0,7.0,0.714,2.0,4.0,0.5,2.0,2.0,1.0,0.0,1.0,1.0,1.0,0.0,0.0,0.0,2.0,14.0,10.0,Guard,0.07579927228623384,0.07772953644911912
157,41900313,1628420,"Morris, Monte",Denver Nuggets,1610612743,DEN,made,1,"Murray, Jamal",1627750,0.31,9,0,1,3,0.333,1,2,0.5,0,1,0.0,,,,,,,,,,,,,,,,,,,,,1610612743,DEN,Denver,Monte Morris,nan,nan,nan,19:55,5.0,7.0,0.714,2.0,4.0,0.5,2.0,2.0,1.0,0.0,1.0,1.0,1.0,0.0,0.0,0.0,2.0,14.0,10.0,Guard,0.07579927228623384,0.07772953644911912
158,41900313,1628420,"Morris, Monte",Denver Nuggets,1610612743,DEN,made,1,"Jokic, Nikola",203999,0.345,10,1,1,2,0.5,1,2,0.5,0,0,0.0,,,,,,,,,,,,,,,,,,,,,1610612743,DEN,Denver,Monte Morris,nan,nan,nan,19:55,5.0,7.0,0.714,2.0,4.0,0.5,2.0,2.0,1.0,0.0,1.0,1.0,1.0,0.0,0.0,0.0,2.0,14.0,10.0,Guard,0.07579927228623384,0.07772953644911912
159,41900313,1628420,"Morris, Monte",Denver Nuggets,1610612743,DEN,made,1,"Grant, Jerami",203924,0.172,5,0,0,1,0.0,0,1,0.0,0,0,0.0,,,,,,,,,,,,,,,,,,,,,1610612743,DEN,Denver,Monte Morris,nan,nan,nan,19:55,5.0,7.0,0.714,2.0,4.0,0.5,2.0,2.0,1.0,0.0,1.0,1.0,1.0,0.0,0.0,0.0,2.0,14.0,10.0,Guard,0.07579927228623384,0.07772953644911912
160,41900313,1628420,"Morris, Monte",Denver Nuggets,1610612743,DEN,made,1,"Plumlee, Mason",203486,0.034,1,0,0,0,0.0,0,0,0.0,0,0,0.0,,,,,,,,,,,,,,,,,,,,,1610612743,DEN,Denver,Monte Morris,nan,nan,nan,19:55,5.0,7.0,0.714,2.0,4.0,0.5,2.0,2.0,1.0,0.0,1.0,1.0,1.0,0.0,0.0,0.0,2.0,14.0,10.0,Guard,0.07579927228623384,0.07772953644911912
161,41900313,1628420,"Morris, Monte",Denver Nuggets,1610612743,DEN,made,1,"Millsap, Paul",200794,0.034,1,0,0,1,0.0,0,1,0.0,0,0,0.0,,,,,,,,,,,,,,,,,,,,,1610612743,DEN,Denver,Monte Morris,nan,nan,nan,19:55,5.0,7.0,0.714,2.0,4.0,0.5,2.0,2.0,1.0,0.0,1.0,1.0,1.0,0.0,0.0,0.0,2.0,14.0,10.0,Guard,0.07579927228623384,0.07772953644911912
162,41900313,1628470,"Craig, Torrey",Denver Nuggets,1610612743,DEN,made,1,"Morris, Monte",1628420,0.429,3,0,0,0,0.0,0,0,0.0,0,0,0.0,,,,,,,,,,,,,,,,,,,,,1610612743,DEN,Denver,Torrey Craig,nan,nan,nan,15:29,1.0,4.0,0.25,0.0,2.0,0.0,0.0,0.0,0.0,1.0,5.0,6.0,0.0,1.0,0.0,1.0,2.0,2.0,-5.0,Forward,0.08277631578947353,0.09808825939951168
163,41900313,1628470,"Craig, Torrey",Denver Nuggets,1610612743,DEN,made,1,"Murray, Jamal",1627750,0.429,3,0,1,1,1.0,1,1,1.0,0,0,0.0,,,,,,,,,,,,,,,,,,,,,1610612743,DEN,Denver,Torrey Craig,nan,nan,nan,15:29,1.0,4.0,0.25,0.0,2.0,0.0,0.0,0.0,0.0,1.0,5.0,6.0,0.0,1.0,0.0,1.0,2.0,2.0,-5.0,Forward,0.08277631578947353,0.09808825939951168
164,41900313,1628470,"Craig, Torrey",Denver Nuggets,1610612743,DEN,made,1,"Grant, Jerami",203924,0.143,1,0,0,0,0.0,0,0,0.0,0,0,0.0,,,,,,,,,,,,,,,,,,,,,1610612743,DEN,Denver,Torrey Craig,nan,nan,nan,15:29,1.0,4.0,0.25,0.0,2.0,0.0,0.0,0.0,0.0,1.0,5.0,6.0,0.0,1.0,0.0,1.0,2.0,2.0,-5.0,Forward,0.08277631578947353,0.09808825939951168
165,41900313,1629008,"Porter Jr., Michael",Denver Nuggets,1610612743,DEN,made,1,"Craig, Torrey",1628470,0.045,1,0,0,0,0.0,0,0,0.0,0,0,0.0,,,,,,,,,,,,,,,,,,,,,1610612743,DEN,Denver,Michael Porter Jr.,nan,nan,nan,21:53,4.0,6.0,0.667,1.0,2.0,0.5,0.0,0.0,0.0,1.0,5.0,6.0,2.0,2.0,0.0,3.0,4.0,9.0,1.0,Forward,0.08277631578947353,0.09808825939951168
166,41900313,1629008,"Porter Jr., Michael",Denver Nuggets,1610612743,DEN,made,1,"Morris, Monte",1628420,0.364,8,0,1,1,1.0,1,1,1.0,0,0,0.0,,,,,,,,,,,,,,,,,,,,,1610612743,DEN,Denver,Michael Porter Jr.,nan,nan,nan,21:53,4.0,6.0,0.667,1.0,2.0,0.5,0.0,0.0,0.0,1.0,5.0,6.0,2.0,2.0,0.0,3.0,4.0,9.0,1.0,Forward,0.08277631578947353,0.09808825939951168
167,41900313,1629008,"Porter Jr., Michael",Denver Nuggets,1610612743,DEN,made,1,"Murray, Jamal",1627750,0.364,8,1,1,1,1.0,1,1,1.0,0,0,0.0,,,,,,,,,,,,,,,,,,,,,1610612743,DEN,Denver,Michael Porter Jr.,nan,nan,nan,21:53,4.0,6.0,0.667,1.0,2.0,0.5,0.0,0.0,0.0,1.0,5.0,6.0,2.0,2.0,0.0,3.0,4.0,9.0,1.0,Forward,0.08277631578947353,0.09808825939951168
168,41900313,1629008,"Porter Jr., Michael",Denver Nuggets,1610612743,DEN,made,1,"Jokic, Nikola",203999,0.136,3,1,1,1,1.0,1,1,1.0,0,0,0.0,,,,,,,,,,,,,,,,,,,,,1610612743,DEN,Denver,Michael Porter Jr.,nan,nan,nan,21:53,4.0,6.0,0.667,1.0,2.0,0.5,0.0,0.0,0.0,1.0,5.0,6.0,2.0,2.0,0.0,3.0,4.0,9.0,1.0,Forward,0.08277631578947353,0.09808825939951168
169,41900313,1629008,"Porter Jr., Michael",Denver Nuggets,1610612743,DEN,made,1,"Grant, Jerami",203924,0.091,2,0,0,1,0.0,0,1,0.0,0,0,0.0,,,,,,,,,,,,,,,,,,,,,1610612743,DEN,Denver,Michael Porter Jr.,nan,nan,nan,21:53,4.0,6.0,0.667,1.0,2.0,0.5,0.0,0.0,0.0,1.0,5.0,6.0,2.0,2.0,0.0,3.0,4.0,9.0,1.0,Forward,0.08277631578947353,0.09808825939951168
170,41900314,200794,"Millsap, Paul",Denver Nuggets,1610612743,DEN,made,1,"Murray, Jamal",1627750,0.636,14,1,1,3,0.333,1,3,0.333,0,0,0.0,,,,,,,,,,,,,,,,,,,,,1610612743,DEN,Denver,Paul Millsap,nan,F,nan,16:48,1.0,3.0,0.333,1.0,2.0,0.5,2.0,2.0,1.0,1.0,5.0,6.0,3.0,0.0,0.0,3.0,5.0,5.0,8.0,Forward,0.08277631578947353,0.09808825939951168
171,41900314,200794,"Millsap, Paul",Denver Nuggets,1610612743,DEN,made,1,"Jokic, Nikola",203999,0.182,4,0,1,1,1.0,1,1,1.0,0,0,0.0,,,,,,,,,,,,,,,,,,,,,1610612743,DEN,Denver,Paul Millsap,nan,F,nan,16:48,1.0,3.0,0.333,1.0,2.0,0.5,2.0,2.0,1.0,1.0,5.0,6.0,3.0,0.0,0.0,3.0,5.0,5.0,8.0,Forward,0.08277631578947353,0.09808825939951168
172,41900314,200794,"Millsap, Paul",Denver Nuggets,1610612743,DEN,made,1,"Grant, Jerami",203924,0.182,4,2,2,3,0.667,2,3,0.667,0,0,0.0,,,,,,,,,,,,,,,,,,,,,1610612743,DEN,Denver,Paul Millsap,nan,F,nan,16:48,1.0,3.0,0.333,1.0,2.0,0.5,2.0,2.0,1.0,1.0,5.0,6.0,3.0,0.0,0.0,3.0,5.0,5.0,8.0,Forward,0.08277631578947353,0.09808825939951168
173,41900314,203486,"Plumlee, Mason",Denver Nuggets,1610612743,DEN,made,1,"Porter Jr., Michael",1629008,0.214,3,0,0,3,0.0,0,0,0.0,0,3,0.0,,,,,,,,,,,,,,,,,,,,,1610612743,DEN,Denver,Mason Plumlee,nan,nan,nan,13:32,1.0,2.0,0.5,0.0,0.0,0.0,1.0,2.0,0.5,0.0,1.0,1.0,0.0,0.0,0.0,1.0,3.0,3.0,-7.0,Forward-Center,0.07763774733637752,0.10299718638018637
174,41900314,203486,"Plumlee, Mason",Denver Nuggets,1610612743,DEN,made,1,"Craig, Torrey",1628470,0.071,1,0,0,1,0.0,0,0,0.0,0,1,0.0,,,,,,,,,,,,,,,,,,,,,1610612743,DEN,Denver,Mason Plumlee,nan,nan,nan,13:32,1.0,2.0,0.5,0.0,0.0,0.0,1.0,2.0,0.5,0.0,1.0,1.0,0.0,0.0,0.0,1.0,3.0,3.0,-7.0,Forward-Center,0.07763774733637752,0.10299718638018637
175,41900314,203486,"Plumlee, Mason",Denver Nuggets,1610612743,DEN,made,1,"Morris, Monte",1628420,0.357,5,0,0,1,0.0,0,1,0.0,0,0,0.0,,,,,,,,,,,,,,,,,,,,,1610612743,DEN,Denver,Mason Plumlee,nan,nan,nan,13:32,1.0,2.0,0.5,0.0,0.0,0.0,1.0,2.0,0.5,0.0,1.0,1.0,0.0,0.0,0.0,1.0,3.0,3.0,-7.0,Forward-Center,0.07763774733637752,0.10299718638018637
176,41900314,203486,"Plumlee, Mason",Denver Nuggets,1610612743,DEN,made,1,"Murray, Jamal",1627750,0.214,3,0,0,0,0.0,0,0,0.0,0,0,0.0,,,,,,,,,,,,,,,,,,,,,1610612743,DEN,Denver,Mason Plumlee,nan,nan,nan,13:32,1.0,2.0,0.5,0.0,0.0,0.0,1.0,2.0,0.5,0.0,1.0,1.0,0.0,0.0,0.0,1.0,3.0,3.0,-7.0,Forward-Center,0.07763774733637752,0.10299718638018637
177,41900314,203486,"Plumlee, Mason",Denver Nuggets,1610612743,DEN,made,1,"Jokic, Nikola",203999,0.071,1,0,0,0,0.0,0,0,0.0,0,0,0.0,,,,,,,,,,,,,,,,,,,,,1610612743,DEN,Denver,Mason Plumlee,nan,nan,nan,13:32,1.0,2.0,0.5,0.0,0.0,0.0,1.0,2.0,0.5,0.0,1.0,1.0,0.0,0.0,0.0,1.0,3.0,3.0,-7.0,Forward-Center,0.07763774733637752,0.10299718638018637
178,41900314,203486,"Plumlee, Mason",Denver Nuggets,1610612743,DEN,made,1,"Grant, Jerami",203924,0.071,1,0,0,0,0.0,0,0,0.0,0,0,0.0,,,,,,,,,,,,,,,,,,,,,1610612743,DEN,Denver,Mason Plumlee,nan,nan,nan,13:32,1.0,2.0,0.5,0.0,0.0,0.0,1.0,2.0,0.5,0.0,1.0,1.0,0.0,0.0,0.0,1.0,3.0,3.0,-7.0,Forward-Center,0.07763774733637752,0.10299718638018637
179,41900314,203914,"Harris, Gary",Denver Nuggets,1610612743,DEN,made,1,"Murray, Jamal",1627750,0.091,1,0,0,1,0.0,0,0,0.0,0,1,0.0,,,,,,,,,,,,,,,,,,,,,1610612743,DEN,Denver,Gary Harris,nan,G,nan,18:31,1.0,5.0,0.2,1.0,2.0,0.5,0.0,0.0,0.0,0.0,2.0,2.0,0.0,1.0,0.0,0.0,2.0,3.0,-2.0,Guard,0.07579927228623384,0.07772953644911912
180,41900314,203914,"Harris, Gary",Denver Nuggets,1610612743,DEN,made,1,"Jokic, Nikola",203999,0.455,5,0,0,1,0.0,0,1,0.0,0,0,0.0,,,,,,,,,,,,,,,,,,,,,1610612743,DEN,Denver,Gary Harris,nan,G,nan,18:31,1.0,5.0,0.2,1.0,2.0,0.5,0.0,0.0,0.0,0.0,2.0,2.0,0.0,1.0,0.0,0.0,2.0,3.0,-2.0,Guard,0.07579927228623384,0.07772953644911912
181,41900314,203914,"Harris, Gary",Denver Nuggets,1610612743,DEN,made,1,"Grant, Jerami",203924,0.182,2,0,0,1,0.0,0,1,0.0,0,0,0.0,,,,,,,,,,,,,,,,,,,,,1610612743,DEN,Denver,Gary Harris,nan,G,nan,18:31,1.0,5.0,0.2,1.0,2.0,0.5,0.0,0.0,0.0,0.0,2.0,2.0,0.0,1.0,0.0,0.0,2.0,3.0,-2.0,Guard,0.07579927228623384,0.07772953644911912
182,41900314,203914,"Harris, Gary",Denver Nuggets,1610612743,DEN,made,1,"Millsap, Paul",200794,0.273,3,0,0,1,0.0,0,0,0.0,0,1,0.0,,,,,,,,,,,,,,,,,,,,,1610612743,DEN,Denver,Gary Harris,nan,G,nan,18:31,1.0,5.0,0.2,1.0,2.0,0.5,0.0,0.0,0.0,0.0,2.0,2.0,0.0,1.0,0.0,0.0,2.0,3.0,-2.0,Guard,0.07579927228623384,0.07772953644911912
183,41900314,203924,"Grant, Jerami",Denver Nuggets,1610612743,DEN,made,1,"Craig, Torrey",1628470,0.087,2,0,0,0,0.0,0,0,0.0,0,0,0.0,,,,,,,,,,,,,,,,,,,,,1610612743,DEN,Denver,Jerami Grant,nan,F,nan,42:46:00,6.0,13.0,0.462,2.0,6.0,0.333,3.0,4.0,0.75,0.0,2.0,2.0,1.0,0.0,0.0,0.0,4.0,17.0,-3.0,Forward,0.08277631578947353,0.09808825939951168
184,41900314,203924,"Grant, Jerami",Denver Nuggets,1610612743,DEN,made,1,"Morris, Monte",1628420,0.217,5,0,0,1,0.0,0,0,0.0,0,1,0.0,,,,,,,,,,,,,,,,,,,,,1610612743,DEN,Denver,Jerami Grant,nan,F,nan,42:46:00,6.0,13.0,0.462,2.0,6.0,0.333,3.0,4.0,0.75,0.0,2.0,2.0,1.0,0.0,0.0,0.0,4.0,17.0,-3.0,Forward,0.08277631578947353,0.09808825939951168
185,41900314,203924,"Grant, Jerami",Denver Nuggets,1610612743,DEN,made,1,"Murray, Jamal",1627750,0.304,7,0,1,2,0.5,1,2,0.5,0,0,0.0,,,,,,,,,,,,,,,,,,,,,1610612743,DEN,Denver,Jerami Grant,nan,F,nan,42:46:00,6.0,13.0,0.462,2.0,6.0,0.333,3.0,4.0,0.75,0.0,2.0,2.0,1.0,0.0,0.0,0.0,4.0,17.0,-3.0,Forward,0.08277631578947353,0.09808825939951168
186,41900314,203924,"Grant, Jerami",Denver Nuggets,1610612743,DEN,made,1,"Jokic, Nikola",203999,0.217,5,1,1,3,0.333,0,1,0.0,1,2,0.5,,,,,,,,,,,,,,,,,,,,,1610612743,DEN,Denver,Jerami Grant,nan,F,nan,42:46:00,6.0,13.0,0.462,2.0,6.0,0.333,3.0,4.0,0.75,0.0,2.0,2.0,1.0,0.0,0.0,0.0,4.0,17.0,-3.0,Forward,0.08277631578947353,0.09808825939951168
187,41900314,203924,"Grant, Jerami",Denver Nuggets,1610612743,DEN,made,1,"Harris, Gary",203914,0.13,3,0,0,1,0.0,0,1,0.0,0,0,0.0,,,,,,,,,,,,,,,,,,,,,1610612743,DEN,Denver,Jerami Grant,nan,F,nan,42:46:00,6.0,13.0,0.462,2.0,6.0,0.333,3.0,4.0,0.75,0.0,2.0,2.0,1.0,0.0,0.0,0.0,4.0,17.0,-3.0,Forward,0.08277631578947353,0.09808825939951168
188,41900314,203924,"Grant, Jerami",Denver Nuggets,1610612743,DEN,made,1,"Millsap, Paul",200794,0.043,1,0,0,0,0.0,0,0,0.0,0,0,0.0,,,,,,,,,,,,,,,,,,,,,1610612743,DEN,Denver,Jerami Grant,nan,F,nan,42:46:00,6.0,13.0,0.462,2.0,6.0,0.333,3.0,4.0,0.75,0.0,2.0,2.0,1.0,0.0,0.0,0.0,4.0,17.0,-3.0,Forward,0.08277631578947353,0.09808825939951168
189,41900314,203999,"Jokic, Nikola",Denver Nuggets,1610612743,DEN,made,1,"Porter Jr., Michael",1629008,0.014,1,0,0,0,0.0,0,0,0.0,0,0,0.0,,,,,,,,,,,,,,,,,,,,,1610612743,DEN,Denver,Nikola Jokic,nan,C,nan,35:43:00,6.0,13.0,0.462,2.0,3.0,0.667,2.0,2.0,1.0,3.0,4.0,7.0,4.0,2.0,0.0,1.0,5.0,16.0,2.0,Center,0.08821875,0.1129606506623714
190,41900314,203999,"Jokic, Nikola",Denver Nuggets,1610612743,DEN,made,1,"Craig, Torrey",1628470,0.085,6,2,2,3,0.667,2,2,1.0,0,1,0.0,,,,,,,,,,,,,,,,,,,,,1610612743,DEN,Denver,Nikola Jokic,nan,C,nan,35:43:00,6.0,13.0,0.462,2.0,3.0,0.667,2.0,2.0,1.0,3.0,4.0,7.0,4.0,2.0,0.0,1.0,5.0,16.0,2.0,Center,0.08821875,0.1129606506623714
191,41900314,203999,"Jokic, Nikola",Denver Nuggets,1610612743,DEN,made,1,"Morris, Monte",1628420,0.183,13,0,0,0,0.0,0,0,0.0,0,0,0.0,,,,,,,,,,,,,,,,,,,,,1610612743,DEN,Denver,Nikola Jokic,nan,C,nan,35:43:00,6.0,13.0,0.462,2.0,3.0,0.667,2.0,2.0,1.0,3.0,4.0,7.0,4.0,2.0,0.0,1.0,5.0,16.0,2.0,Center,0.08821875,0.1129606506623714
192,41900314,203999,"Jokic, Nikola",Denver Nuggets,1610612743,DEN,made,1,"Murray, Jamal",1627750,0.521,37,2,6,11,0.545,6,9,0.667,0,2,0.0,,,,,,,,,,,,,,,,,,,,,1610612743,DEN,Denver,Nikola Jokic,nan,C,nan,35:43:00,6.0,13.0,0.462,2.0,3.0,0.667,2.0,2.0,1.0,3.0,4.0,7.0,4.0,2.0,0.0,1.0,5.0,16.0,2.0,Center,0.08821875,0.1129606506623714
193,41900314,203999,"Jokic, Nikola",Denver Nuggets,1610612743,DEN,made,1,"Grant, Jerami",203924,0.07,5,0,0,1,0.0,0,1,0.0,0,0,0.0,,,,,,,,,,,,,,,,,,,,,1610612743,DEN,Denver,Nikola Jokic,nan,C,nan,35:43:00,6.0,13.0,0.462,2.0,3.0,0.667,2.0,2.0,1.0,3.0,4.0,7.0,4.0,2.0,0.0,1.0,5.0,16.0,2.0,Center,0.08821875,0.1129606506623714
194,41900314,203999,"Jokic, Nikola",Denver Nuggets,1610612743,DEN,made,1,"Harris, Gary",203914,0.042,3,0,0,2,0.0,0,1,0.0,0,1,0.0,,,,,,,,,,,,,,,,,,,,,1610612743,DEN,Denver,Nikola Jokic,nan,C,nan,35:43:00,6.0,13.0,0.462,2.0,3.0,0.667,2.0,2.0,1.0,3.0,4.0,7.0,4.0,2.0,0.0,1.0,5.0,16.0,2.0,Center,0.08821875,0.1129606506623714
195,41900314,203999,"Jokic, Nikola",Denver Nuggets,1610612743,DEN,made,1,"Millsap, Paul",200794,0.085,6,0,0,1,0.0,0,1,0.0,0,0,0.0,,,,,,,,,,,,,,,,,,,,,1610612743,DEN,Denver,Nikola Jokic,nan,C,nan,35:43:00,6.0,13.0,0.462,2.0,3.0,0.667,2.0,2.0,1.0,3.0,4.0,7.0,4.0,2.0,0.0,1.0,5.0,16.0,2.0,Center,0.08821875,0.1129606506623714
196,41900314,1627750,"Murray, Jamal",Denver Nuggets,1610612743,DEN,made,1,"Porter Jr., Michael",1629008,0.07,5,2,3,3,1.0,1,1,1.0,2,2,1.0,,,,,,,,,,,,,,,,,,,,,1610612743,DEN,Denver,Jamal Murray,nan,G,nan,45:11:00,12.0,20.0,0.6,0.0,3.0,0.0,8.0,8.0,1.0,1.0,2.0,3.0,8.0,0.0,1.0,4.0,1.0,32.0,-8.0,Guard,0.07579927228623384,0.07772953644911912
197,41900314,1627750,"Murray, Jamal",Denver Nuggets,1610612743,DEN,made,1,"Craig, Torrey",1628470,0.042,3,1,1,2,0.5,0,0,0.0,1,2,0.5,,,,,,,,,,,,,,,,,,,,,1610612743,DEN,Denver,Jamal Murray,nan,G,nan,45:11:00,12.0,20.0,0.6,0.0,3.0,0.0,8.0,8.0,1.0,1.0,2.0,3.0,8.0,0.0,1.0,4.0,1.0,32.0,-8.0,Guard,0.07579927228623384,0.07772953644911912
198,41900314,1627750,"Murray, Jamal",Denver Nuggets,1610612743,DEN,made,1,"Morris, Monte",1628420,0.169,12,1,2,3,0.667,2,2,1.0,0,1,0.0,,,,,,,,,,,,,,,,,,,,,1610612743,DEN,Denver,Jamal Murray,nan,G,nan,45:11:00,12.0,20.0,0.6,0.0,3.0,0.0,8.0,8.0,1.0,1.0,2.0,3.0,8.0,0.0,1.0,4.0,1.0,32.0,-8.0,Guard,0.07579927228623384,0.07772953644911912
199,41900314,1627750,"Murray, Jamal",Denver Nuggets,1610612743,DEN,made,1,"Jokic, Nikola",203999,0.254,18,0,2,2,1.0,2,2,1.0,0,0,0.0,,,,,,,,,,,,,,,,,,,,,1610612743,DEN,Denver,Jamal Murray,nan,G,nan,45:11:00,12.0,20.0,0.6,0.0,3.0,0.0,8.0,8.0,1.0,1.0,2.0,3.0,8.0,0.0,1.0,4.0,1.0,32.0,-8.0,Guard,0.07579927228623384,0.07772953644911912
200,41900314,1627750,"Murray, Jamal",Denver Nuggets,1610612743,DEN,made,1,"Grant, Jerami",203924,0.155,11,1,1,4,0.25,1,2,0.5,0,2,0.0,,,,,,,,,,,,,,,,,,,,,1610612743,DEN,Denver,Jamal Murray,nan,G,nan,45:11:00,12.0,20.0,0.6,0.0,3.0,0.0,8.0,8.0,1.0,1.0,2.0,3.0,8.0,0.0,1.0,4.0,1.0,32.0,-8.0,Guard,0.07579927228623384,0.07772953644911912
201,41900314,1627750,"Murray, Jamal",Denver Nuggets,1610612743,DEN,made,1,"Harris, Gary",203914,0.056,4,1,1,2,0.5,0,1,0.0,1,1,1.0,,,,,,,,,,,,,,,,,,,,,1610612743,DEN,Denver,Jamal Murray,nan,G,nan,45:11:00,12.0,20.0,0.6,0.0,3.0,0.0,8.0,8.0,1.0,1.0,2.0,3.0,8.0,0.0,1.0,4.0,1.0,32.0,-8.0,Guard,0.07579927228623384,0.07772953644911912
202,41900314,1627750,"Murray, Jamal",Denver Nuggets,1610612743,DEN,made,1,"Plumlee, Mason",203486,0.127,9,1,1,2,0.5,1,2,0.5,0,0,0.0,,,,,,,,,,,,,,,,,,,,,1610612743,DEN,Denver,Jamal Murray,nan,G,nan,45:11:00,12.0,20.0,0.6,0.0,3.0,0.0,8.0,8.0,1.0,1.0,2.0,3.0,8.0,0.0,1.0,4.0,1.0,32.0,-8.0,Guard,0.07579927228623384,0.07772953644911912
203,41900314,1627750,"Murray, Jamal",Denver Nuggets,1610612743,DEN,made,1,"Millsap, Paul",200794,0.127,9,1,1,1,1.0,0,0,0.0,1,1,1.0,,,,,,,,,,,,,,,,,,,,,1610612743,DEN,Denver,Jamal Murray,nan,G,nan,45:11:00,12.0,20.0,0.6,0.0,3.0,0.0,8.0,8.0,1.0,1.0,2.0,3.0,8.0,0.0,1.0,4.0,1.0,32.0,-8.0,Guard,0.07579927228623384,0.07772953644911912
204,41900314,1628420,"Morris, Monte",Denver Nuggets,1610612743,DEN,made,1,"Porter Jr., Michael",1629008,0.081,3,2,2,2,1.0,1,1,1.0,1,1,1.0,,,,,,,,,,,,,,,,,,,,,1610612743,DEN,Denver,Monte Morris,nan,nan,nan,27:23:00,4.0,7.0,0.571,0.0,2.0,0.0,4.0,5.0,0.8,1.0,1.0,2.0,4.0,0.0,0.0,0.0,1.0,12.0,-4.0,Guard,0.07579927228623384,0.07772953644911912
205,41900314,1628420,"Morris, Monte",Denver Nuggets,1610612743,DEN,made,1,"Craig, Torrey",1628470,0.027,1,0,0,0,0.0,0,0,0.0,0,0,0.0,,,,,,,,,,,,,,,,,,,,,1610612743,DEN,Denver,Monte Morris,nan,nan,nan,27:23:00,4.0,7.0,0.571,0.0,2.0,0.0,4.0,5.0,0.8,1.0,1.0,2.0,4.0,0.0,0.0,0.0,1.0,12.0,-4.0,Guard,0.07579927228623384,0.07772953644911912
206,41900314,1628420,"Morris, Monte",Denver Nuggets,1610612743,DEN,made,1,"Murray, Jamal",1627750,0.405,15,0,2,4,0.5,2,4,0.5,0,0,0.0,,,,,,,,,,,,,,,,,,,,,1610612743,DEN,Denver,Monte Morris,nan,nan,nan,27:23:00,4.0,7.0,0.571,0.0,2.0,0.0,4.0,5.0,0.8,1.0,1.0,2.0,4.0,0.0,0.0,0.0,1.0,12.0,-4.0,Guard,0.07579927228623384,0.07772953644911912
207,41900314,1628420,"Morris, Monte",Denver Nuggets,1610612743,DEN,made,1,"Jokic, Nikola",203999,0.216,8,1,1,4,0.25,1,4,0.25,0,0,0.0,,,,,,,,,,,,,,,,,,,,,1610612743,DEN,Denver,Monte Morris,nan,nan,nan,27:23:00,4.0,7.0,0.571,0.0,2.0,0.0,4.0,5.0,0.8,1.0,1.0,2.0,4.0,0.0,0.0,0.0,1.0,12.0,-4.0,Guard,0.07579927228623384,0.07772953644911912
208,41900314,1628420,"Morris, Monte",Denver Nuggets,1610612743,DEN,made,1,"Grant, Jerami",203924,0.135,5,1,1,2,0.5,0,0,0.0,1,2,0.5,,,,,,,,,,,,,,,,,,,,,1610612743,DEN,Denver,Monte Morris,nan,nan,nan,27:23:00,4.0,7.0,0.571,0.0,2.0,0.0,4.0,5.0,0.8,1.0,1.0,2.0,4.0,0.0,0.0,0.0,1.0,12.0,-4.0,Guard,0.07579927228623384,0.07772953644911912
209,41900314,1628420,"Morris, Monte",Denver Nuggets,1610612743,DEN,made,1,"Plumlee, Mason",203486,0.135,5,0,0,1,0.0,0,1,0.0,0,0,0.0,,,,,,,,,,,,,,,,,,,,,1610612743,DEN,Denver,Monte Morris,nan,nan,nan,27:23:00,4.0,7.0,0.571,0.0,2.0,0.0,4.0,5.0,0.8,1.0,1.0,2.0,4.0,0.0,0.0,0.0,1.0,12.0,-4.0,Guard,0.07579927228623384,0.07772953644911912
210,41900314,1628470,"Craig, Torrey",Denver Nuggets,1610612743,DEN,made,1,"Morris, Monte",1628420,0.077,1,0,0,0,0.0,0,0,0.0,0,0,0.0,,,,,,,,,,,,,,,,,,,,,1610612743,DEN,Denver,Torrey Craig,nan,nan,nan,19:30,3.0,6.0,0.5,1.0,4.0,0.25,0.0,0.0,0.0,0.0,2.0,2.0,1.0,0.0,2.0,0.0,5.0,7.0,-17.0,Forward,0.08277631578947353,0.09808825939951168
211,41900314,1628470,"Craig, Torrey",Denver Nuggets,1610612743,DEN,made,1,"Murray, Jamal",1627750,0.462,6,0,0,0,0.0,0,0,0.0,0,0,0.0,,,,,,,,,,,,,,,,,,,,,1610612743,DEN,Denver,Torrey Craig,nan,nan,nan,19:30,3.0,6.0,0.5,1.0,4.0,0.25,0.0,0.0,0.0,0.0,2.0,2.0,1.0,0.0,2.0,0.0,5.0,7.0,-17.0,Forward,0.08277631578947353,0.09808825939951168
212,41900314,1628470,"Craig, Torrey",Denver Nuggets,1610612743,DEN,made,1,"Jokic, Nikola",203999,0.385,5,0,0,0,0.0,0,0,0.0,0,0,0.0,,,,,,,,,,,,,,,,,,,,,1610612743,DEN,Denver,Torrey Craig,nan,nan,nan,19:30,3.0,6.0,0.5,1.0,4.0,0.25,0.0,0.0,0.0,0.0,2.0,2.0,1.0,0.0,2.0,0.0,5.0,7.0,-17.0,Forward,0.08277631578947353,0.09808825939951168
213,41900314,1628470,"Craig, Torrey",Denver Nuggets,1610612743,DEN,made,1,"Grant, Jerami",203924,0.077,1,1,1,1,1.0,0,0,0.0,1,1,1.0,,,,,,,,,,,,,,,,,,,,,1610612743,DEN,Denver,Torrey Craig,nan,nan,nan,19:30,3.0,6.0,0.5,1.0,4.0,0.25,0.0,0.0,0.0,0.0,2.0,2.0,1.0,0.0,2.0,0.0,5.0,7.0,-17.0,Forward,0.08277631578947353,0.09808825939951168
214,41900314,1629008,"Porter Jr., Michael",Denver Nuggets,1610612743,DEN,made,1,"Morris, Monte",1628420,0.357,5,0,1,2,0.5,1,2,0.5,0,0,0.0,,,,,,,,,,,,,,,,,,,,,1610612743,DEN,Denver,Michael Porter Jr.,nan,nan,nan,20:31,5.0,8.0,0.625,3.0,6.0,0.5,0.0,0.0,0.0,0.0,8.0,8.0,1.0,1.0,0.0,2.0,2.0,13.0,-1.0,Forward,0.08277631578947353,0.09808825939951168
215,41900314,1629008,"Porter Jr., Michael",Denver Nuggets,1610612743,DEN,made,1,"Murray, Jamal",1627750,0.214,3,0,0,0,0.0,0,0,0.0,0,0,0.0,,,,,,,,,,,,,,,,,,,,,1610612743,DEN,Denver,Michael Porter Jr.,nan,nan,nan,20:31,5.0,8.0,0.625,3.0,6.0,0.5,0.0,0.0,0.0,0.0,8.0,8.0,1.0,1.0,0.0,2.0,2.0,13.0,-1.0,Forward,0.08277631578947353,0.09808825939951168
216,41900314,1629008,"Porter Jr., Michael",Denver Nuggets,1610612743,DEN,made,1,"Jokic, Nikola",203999,0.143,2,1,1,1,1.0,0,0,0.0,1,1,1.0,,,,,,,,,,,,,,,,,,,,,1610612743,DEN,Denver,Michael Porter Jr.,nan,nan,nan,20:31,5.0,8.0,0.625,3.0,6.0,0.5,0.0,0.0,0.0,0.0,8.0,8.0,1.0,1.0,0.0,2.0,2.0,13.0,-1.0,Forward,0.08277631578947353,0.09808825939951168
217,41900314,1629008,"Porter Jr., Michael",Denver Nuggets,1610612743,DEN,made,1,"Grant, Jerami",203924,0.214,3,0,1,3,0.333,1,2,0.5,0,1,0.0,,,,,,,,,,,,,,,,,,,,,1610612743,DEN,Denver,Michael Porter Jr.,nan,nan,nan,20:31,5.0,8.0,0.625,3.0,6.0,0.5,0.0,0.0,0.0,0.0,8.0,8.0,1.0,1.0,0.0,2.0,2.0,13.0,-1.0,Forward,0.08277631578947353,0.09808825939951168
218,41900314,1629008,"Porter Jr., Michael",Denver Nuggets,1610612743,DEN,made,1,"Millsap, Paul",200794,0.071,1,0,0,0,0.0,0,0,0.0,0,0,0.0,,,,,,,,,,,,,,,,,,,,,1610612743,DEN,Denver,Michael Porter Jr.,nan,nan,nan,20:31,5.0,8.0,0.625,3.0,6.0,0.5,0.0,0.0,0.0,0.0,8.0,8.0,1.0,1.0,0.0,2.0,2.0,13.0,-1.0,Forward,0.08277631578947353,0.09808825939951168
219,41900315,2544,"James, LeBron",Los Angeles Lakers,1610612747,LAL,made,1,"Kuzma, Kyle",1628398,0.072,5,1,1,2,0.5,1,2,0.5,0,0,0.0,,,,,,,,,,,,,,,,,,,,,1610612747,LAL,Los Angeles,LeBron James,nan,F,nan,40:01:00,15.0,25.0,0.6,1.0,4.0,0.25,7.0,8.0,0.875,3.0,13.0,16.0,10.0,1.0,0.0,2.0,2.0,38.0,12.0,Forward,0.08277631578947353,0.09808825939951168
220,41900315,2544,"James, LeBron",Los Angeles Lakers,1610612747,LAL,made,1,"Caruso, Alex",1627936,0.217,15,2,2,4,0.5,2,3,0.667,0,1,0.0,,,,,,,,,,,,,,,,,,,,,1610612747,LAL,Los Angeles,LeBron James,nan,F,nan,40:01:00,15.0,25.0,0.6,1.0,4.0,0.25,7.0,8.0,0.875,3.0,13.0,16.0,10.0,1.0,0.0,2.0,2.0,38.0,12.0,Forward,0.08277631578947353,0.09808825939951168
221,41900315,2544,"James, LeBron",Los Angeles Lakers,1610612747,LAL,made,1,"Caldwell-Pope, Kentavious",203484,0.116,8,0,0,1,0.0,0,0,0.0,0,1,0.0,,,,,,,,,,,,,,,,,,,,,1610612747,LAL,Los Angeles,LeBron James,nan,F,nan,40:01:00,15.0,25.0,0.6,1.0,4.0,0.25,7.0,8.0,0.875,3.0,13.0,16.0,10.0,1.0,0.0,2.0,2.0,38.0,12.0,Forward,0.08277631578947353,0.09808825939951168
222,41900315,2544,"James, LeBron",Los Angeles Lakers,1610612747,LAL,made,1,"Davis, Anthony",203076,0.203,14,3,3,5,0.6,2,3,0.667,1,2,0.5,,,,,,,,,,,,,,,,,,,,,1610612747,LAL,Los Angeles,LeBron James,nan,F,nan,40:01:00,15.0,25.0,0.6,1.0,4.0,0.25,7.0,8.0,0.875,3.0,13.0,16.0,10.0,1.0,0.0,2.0,2.0,38.0,12.0,Forward,0.08277631578947353,0.09808825939951168
223,41900315,2544,"James, LeBron",Los Angeles Lakers,1610612747,LAL,made,1,"Morris, Markieff",202693,0.058,4,1,1,3,0.333,0,0,0.0,1,3,0.333,,,,,,,,,,,,,,,,,,,,,1610612747,LAL,Los Angeles,LeBron James,nan,F,nan,40:01:00,15.0,25.0,0.6,1.0,4.0,0.25,7.0,8.0,0.875,3.0,13.0,16.0,10.0,1.0,0.0,2.0,2.0,38.0,12.0,Forward,0.08277631578947353,0.09808825939951168
224,41900315,2544,"James, LeBron",Los Angeles Lakers,1610612747,LAL,made,1,"Green, Danny",201980,0.203,14,3,3,7,0.429,1,3,0.333,2,4,0.5,,,,,,,,,,,,,,,,,,,,,1610612747,LAL,Los Angeles,LeBron James,nan,F,nan,40:01:00,15.0,25.0,0.6,1.0,4.0,0.25,7.0,8.0,0.875,3.0,13.0,16.0,10.0,1.0,0.0,2.0,2.0,38.0,12.0,Forward,0.08277631578947353,0.09808825939951168
225,41900315,2544,"James, LeBron",Los Angeles Lakers,1610612747,LAL,made,1,"Rondo, Rajon",200765,0.058,4,0,1,2,0.5,0,0,0.0,1,2,0.5,,,,,,,,,,,,,,,,,,,,,1610612747,LAL,Los Angeles,LeBron James,nan,F,nan,40:01:00,15.0,25.0,0.6,1.0,4.0,0.25,7.0,8.0,0.875,3.0,13.0,16.0,10.0,1.0,0.0,2.0,2.0,38.0,12.0,Forward,0.08277631578947353,0.09808825939951168
226,41900315,2544,"James, LeBron",Los Angeles Lakers,1610612747,LAL,made,1,"Howard, Dwight",2730,0.072,5,0,0,2,0.0,0,2,0.0,0,0,0.0,,,,,,,,,,,,,,,,,,,,,1610612747,LAL,Los Angeles,LeBron James,nan,F,nan,40:01:00,15.0,25.0,0.6,1.0,4.0,0.25,7.0,8.0,0.875,3.0,13.0,16.0,10.0,1.0,0.0,2.0,2.0,38.0,12.0,Forward,0.08277631578947353,0.09808825939951168
227,41900315,2730,"Howard, Dwight",Los Angeles Lakers,1610612747,LAL,made,1,"Caruso, Alex",1627936,0.087,2,0,0,0,0.0,0,0,0.0,0,0,0.0,,,,,,,,,,,,,,,,,,,,,1610612747,LAL,Los Angeles,Dwight Howard,nan,C,nan,35:08:00,3.0,4.0,0.75,0.0,0.0,0.0,3.0,6.0,0.5,2.0,7.0,9.0,0.0,0.0,2.0,2.0,5.0,9.0,12.0,Center-Forward,0.08316204690831555,0.10142903801705985
228,41900315,2730,"Howard, Dwight",Los Angeles Lakers,1610612747,LAL,made,1,"Caldwell-Pope, Kentavious",203484,0.087,2,0,0,0,0.0,0,0,0.0,0,0,0.0,,,,,,,,,,,,,,,,,,,,,1610612747,LAL,Los Angeles,Dwight Howard,nan,C,nan,35:08:00,3.0,4.0,0.75,0.0,0.0,0.0,3.0,6.0,0.5,2.0,7.0,9.0,0.0,0.0,2.0,2.0,5.0,9.0,12.0,Center-Forward,0.08316204690831555,0.10142903801705985
229,41900315,2730,"Howard, Dwight",Los Angeles Lakers,1610612747,LAL,made,1,"Davis, Anthony",203076,0.043,1,0,0,0,0.0,0,0,0.0,0,0,0.0,,,,,,,,,,,,,,,,,,,,,1610612747,LAL,Los Angeles,Dwight Howard,nan,C,nan,35:08:00,3.0,4.0,0.75,0.0,0.0,0.0,3.0,6.0,0.5,2.0,7.0,9.0,0.0,0.0,2.0,2.0,5.0,9.0,12.0,Center-Forward,0.08316204690831555,0.10142903801705985
230,41900315,2730,"Howard, Dwight",Los Angeles Lakers,1610612747,LAL,made,1,"Green, Danny",201980,0.087,2,0,0,0,0.0,0,0,0.0,0,0,0.0,,,,,,,,,,,,,,,,,,,,,1610612747,LAL,Los Angeles,Dwight Howard,nan,C,nan,35:08:00,3.0,4.0,0.75,0.0,0.0,0.0,3.0,6.0,0.5,2.0,7.0,9.0,0.0,0.0,2.0,2.0,5.0,9.0,12.0,Center-Forward,0.08316204690831555,0.10142903801705985
231,41900315,2730,"Howard, Dwight",Los Angeles Lakers,1610612747,LAL,made,1,"Rondo, Rajon",200765,0.043,1,0,0,0,0.0,0,0,0.0,0,0,0.0,,,,,,,,,,,,,,,,,,,,,1610612747,LAL,Los Angeles,Dwight Howard,nan,C,nan,35:08:00,3.0,4.0,0.75,0.0,0.0,0.0,3.0,6.0,0.5,2.0,7.0,9.0,0.0,0.0,2.0,2.0,5.0,9.0,12.0,Center-Forward,0.08316204690831555,0.10142903801705985
232,41900315,2730,"Howard, Dwight",Los Angeles Lakers,1610612747,LAL,made,1,"James, LeBron",2544,0.652,15,0,0,1,0.0,0,0,0.0,0,1,0.0,,,,,,,,,,,,,,,,,,,,,1610612747,LAL,Los Angeles,Dwight Howard,nan,C,nan,35:08:00,3.0,4.0,0.75,0.0,0.0,0.0,3.0,6.0,0.5,2.0,7.0,9.0,0.0,0.0,2.0,2.0,5.0,9.0,12.0,Center-Forward,0.08316204690831555,0.10142903801705985
233,41900315,200765,"Rondo, Rajon",Los Angeles Lakers,1610612747,LAL,made,1,"Kuzma, Kyle",1628398,0.227,5,1,1,4,0.25,1,2,0.5,0,2,0.0,,,,,,,,,,,,,,,,,,,,,1610612747,LAL,Los Angeles,Rajon Rondo,nan,nan,nan,12:49,3.0,5.0,0.6,2.0,4.0,0.5,0.0,0.0,0.0,0.0,3.0,3.0,4.0,0.0,0.0,1.0,2.0,8.0,-4.0,Guard,0.07579927228623384,0.07772953644911912
234,41900315,200765,"Rondo, Rajon",Los Angeles Lakers,1610612747,LAL,made,1,"Caruso, Alex",1627936,0.182,4,1,1,1,1.0,1,1,1.0,0,0,0.0,,,,,,,,,,,,,,,,,,,,,1610612747,LAL,Los Angeles,Rajon Rondo,nan,nan,nan,12:49,3.0,5.0,0.6,2.0,4.0,0.5,0.0,0.0,0.0,0.0,3.0,3.0,4.0,0.0,0.0,1.0,2.0,8.0,-4.0,Guard,0.07579927228623384,0.07772953644911912
235,41900315,200765,"Rondo, Rajon",Los Angeles Lakers,1610612747,LAL,made,1,"Caldwell-Pope, Kentavious",203484,0.091,2,1,1,1,1.0,1,1,1.0,0,0,0.0,,,,,,,,,,,,,,,,,,,,,1610612747,LAL,Los Angeles,Rajon Rondo,nan,nan,nan,12:49,3.0,5.0,0.6,2.0,4.0,0.5,0.0,0.0,0.0,0.0,3.0,3.0,4.0,0.0,0.0,1.0,2.0,8.0,-4.0,Guard,0.07579927228623384,0.07772953644911912
236,41900315,200765,"Rondo, Rajon",Los Angeles Lakers,1610612747,LAL,made,1,"Davis, Anthony",203076,0.182,4,1,2,3,0.667,2,3,0.667,0,0,0.0,,,,,,,,,,,,,,,,,,,,,1610612747,LAL,Los Angeles,Rajon Rondo,nan,nan,nan,12:49,3.0,5.0,0.6,2.0,4.0,0.5,0.0,0.0,0.0,0.0,3.0,3.0,4.0,0.0,0.0,1.0,2.0,8.0,-4.0,Guard,0.07579927228623384,0.07772953644911912
237,41900315,200765,"Rondo, Rajon",Los Angeles Lakers,1610612747,LAL,made,1,"Morris, Markieff",202693,0.045,1,0,0,0,0.0,0,0,0.0,0,0,0.0,,,,,,,,,,,,,,,,,,,,,1610612747,LAL,Los Angeles,Rajon Rondo,nan,nan,nan,12:49,3.0,5.0,0.6,2.0,4.0,0.5,0.0,0.0,0.0,0.0,3.0,3.0,4.0,0.0,0.0,1.0,2.0,8.0,-4.0,Guard,0.07579927228623384,0.07772953644911912
238,41900315,200765,"Rondo, Rajon",Los Angeles Lakers,1610612747,LAL,made,1,"Green, Danny",201980,0.045,1,0,0,0,0.0,0,0,0.0,0,0,0.0,,,,,,,,,,,,,,,,,,,,,1610612747,LAL,Los Angeles,Rajon Rondo,nan,nan,nan,12:49,3.0,5.0,0.6,2.0,4.0,0.5,0.0,0.0,0.0,0.0,3.0,3.0,4.0,0.0,0.0,1.0,2.0,8.0,-4.0,Guard,0.07579927228623384,0.07772953644911912
239,41900315,200765,"Rondo, Rajon",Los Angeles Lakers,1610612747,LAL,made,1,"James, LeBron",2544,0.227,5,0,0,1,0.0,0,0,0.0,0,1,0.0,,,,,,,,,,,,,,,,,,,,,1610612747,LAL,Los Angeles,Rajon Rondo,nan,nan,nan,12:49,3.0,5.0,0.6,2.0,4.0,0.5,0.0,0.0,0.0,0.0,3.0,3.0,4.0,0.0,0.0,1.0,2.0,8.0,-4.0,Guard,0.07579927228623384,0.07772953644911912
240,41900315,201580,"McGee, JaVale",Los Angeles Lakers,1610612747,LAL,made,1,"Morris, Markieff",202693,0.25,1,0,0,0,0.0,0,0,0.0,0,0,0.0,,,,,,,,,,,,,,,,,,,,,1610612747,LAL,Los Angeles,JaVale McGee,nan,nan,nan,02:15,0.0,1.0,0.0,0.0,0.0,0.0,0.0,0.0,0.0,0.0,1.0,1.0,0.0,0.0,0.0,1.0,2.0,0.0,-2.0,Center-Forward,0.08316204690831555,0.10142903801705985
241,41900315,201580,"McGee, JaVale",Los Angeles Lakers,1610612747,LAL,made,1,"James, LeBron",2544,0.75,3,0,1,1,1.0,1,1,1.0,0,0,0.0,,,,,,,,,,,,,,,,,,,,,1610612747,LAL,Los Angeles,JaVale McGee,nan,nan,nan,02:15,0.0,1.0,0.0,0.0,0.0,0.0,0.0,0.0,0.0,0.0,1.0,1.0,0.0,0.0,0.0,1.0,2.0,0.0,-2.0,Center-Forward,0.08316204690831555,0.10142903801705985
242,41900315,201980,"Green, Danny",Los Angeles Lakers,1610612747,LAL,made,1,"Caruso, Alex",1627936,0.105,2,0,0,0,0.0,0,0,0.0,0,0,0.0,,,,,,,,,,,,,,,,,,,,,1610612747,LAL,Los Angeles,Danny Green,nan,G,nan,28:06:00,3.0,7.0,0.429,2.0,4.0,0.5,3.0,4.0,0.75,0.0,0.0,0.0,2.0,0.0,2.0,0.0,1.0,11.0,6.0,Guard,0.07579927228623384,0.07772953644911912
243,41900315,201980,"Green, Danny",Los Angeles Lakers,1610612747,LAL,made,1,"Davis, Anthony",203076,0.211,4,0,1,2,0.5,1,2,0.5,0,0,0.0,,,,,,,,,,,,,,,,,,,,,1610612747,LAL,Los Angeles,Danny Green,nan,G,nan,28:06:00,3.0,7.0,0.429,2.0,4.0,0.5,3.0,4.0,0.75,0.0,0.0,0.0,2.0,0.0,2.0,0.0,1.0,11.0,6.0,Guard,0.07579927228623384,0.07772953644911912
244,41900315,201980,"Green, Danny",Los Angeles Lakers,1610612747,LAL,made,1,"Rondo, Rajon",200765,0.105,2,0,1,1,1.0,0,0,0.0,1,1,1.0,,,,,,,,,,,,,,,,,,,,,1610612747,LAL,Los Angeles,Danny Green,nan,G,nan,28:06:00,3.0,7.0,0.429,2.0,4.0,0.5,3.0,4.0,0.75,0.0,0.0,0.0,2.0,0.0,2.0,0.0,1.0,11.0,6.0,Guard,0.07579927228623384,0.07772953644911912
245,41900315,201980,"Green, Danny",Los Angeles Lakers,1610612747,LAL,made,1,"Howard, Dwight",2730,0.158,3,1,1,1,1.0,1,1,1.0,0,0,0.0,,,,,,,,,,,,,,,,,,,,,1610612747,LAL,Los Angeles,Danny Green,nan,G,nan,28:06:00,3.0,7.0,0.429,2.0,4.0,0.5,3.0,4.0,0.75,0.0,0.0,0.0,2.0,0.0,2.0,0.0,1.0,11.0,6.0,Guard,0.07579927228623384,0.07772953644911912
246,41900315,201980,"Green, Danny",Los Angeles Lakers,1610612747,LAL,made,1,"James, LeBron",2544,0.421,8,0,1,2,0.5,1,2,0.5,0,0,0.0,,,,,,,,,,,,,,,,,,,,,1610612747,LAL,Los Angeles,Danny Green,nan,G,nan,28:06:00,3.0,7.0,0.429,2.0,4.0,0.5,3.0,4.0,0.75,0.0,0.0,0.0,2.0,0.0,2.0,0.0,1.0,11.0,6.0,Guard,0.07579927228623384,0.07772953644911912
247,41900315,203076,"Davis, Anthony",Los Angeles Lakers,1610612747,LAL,made,1,"Caruso, Alex",1627936,0.094,3,2,2,2,1.0,2,2,1.0,0,0,0.0,,,,,,,,,,,,,,,,,,,,,1610612747,LAL,Los Angeles,Anthony Davis,nan,F,nan,34:43:00,8.0,16.0,0.5,2.0,4.0,0.5,9.0,9.0,1.0,0.0,5.0,5.0,3.0,2.0,1.0,1.0,3.0,27.0,-1.0,Forward-Center,0.07763774733637752,0.10299718638018637
248,41900315,203076,"Davis, Anthony",Los Angeles Lakers,1610612747,LAL,made,1,"Caldwell-Pope, Kentavious",203484,0.031,1,0,0,0,0.0,0,0,0.0,0,0,0.0,,,,,,,,,,,,,,,,,,,,,1610612747,LAL,Los Angeles,Anthony Davis,nan,F,nan,34:43:00,8.0,16.0,0.5,2.0,4.0,0.5,9.0,9.0,1.0,0.0,5.0,5.0,3.0,2.0,1.0,1.0,3.0,27.0,-1.0,Forward-Center,0.07763774733637752,0.10299718638018637
249,41900315,203076,"Davis, Anthony",Los Angeles Lakers,1610612747,LAL,made,1,"Morris, Markieff",202693,0.031,1,0,0,0,0.0,0,0,0.0,0,0,0.0,,,,,,,,,,,,,,,,,,,,,1610612747,LAL,Los Angeles,Anthony Davis,nan,F,nan,34:43:00,8.0,16.0,0.5,2.0,4.0,0.5,9.0,9.0,1.0,0.0,5.0,5.0,3.0,2.0,1.0,1.0,3.0,27.0,-1.0,Forward-Center,0.07763774733637752,0.10299718638018637
250,41900315,203076,"Davis, Anthony",Los Angeles Lakers,1610612747,LAL,made,1,"Green, Danny",201980,0.063,2,0,0,1,0.0,0,1,0.0,0,0,0.0,,,,,,,,,,,,,,,,,,,,,1610612747,LAL,Los Angeles,Anthony Davis,nan,F,nan,34:43:00,8.0,16.0,0.5,2.0,4.0,0.5,9.0,9.0,1.0,0.0,5.0,5.0,3.0,2.0,1.0,1.0,3.0,27.0,-1.0,Forward-Center,0.07763774733637752,0.10299718638018637
251,41900315,203076,"Davis, Anthony",Los Angeles Lakers,1610612747,LAL,made,1,"Rondo, Rajon",200765,0.188,6,1,1,1,1.0,1,1,1.0,0,0,0.0,,,,,,,,,,,,,,,,,,,,,1610612747,LAL,Los Angeles,Anthony Davis,nan,F,nan,34:43:00,8.0,16.0,0.5,2.0,4.0,0.5,9.0,9.0,1.0,0.0,5.0,5.0,3.0,2.0,1.0,1.0,3.0,27.0,-1.0,Forward-Center,0.07763774733637752,0.10299718638018637
252,41900315,203076,"Davis, Anthony",Los Angeles Lakers,1610612747,LAL,made,1,"James, LeBron",2544,0.594,19,0,4,4,1.0,3,3,1.0,1,1,1.0,,,,,,,,,,,,,,,,,,,,,1610612747,LAL,Los Angeles,Anthony Davis,nan,F,nan,34:43:00,8.0,16.0,0.5,2.0,4.0,0.5,9.0,9.0,1.0,0.0,5.0,5.0,3.0,2.0,1.0,1.0,3.0,27.0,-1.0,Forward-Center,0.07763774733637752,0.10299718638018637
253,41900315,203484,"Caldwell-Pope, Kentavious",Los Angeles Lakers,1610612747,LAL,made,1,"Caruso, Alex",1627936,0.05,1,0,0,0,0.0,0,0,0.0,0,0,0.0,,,,,,,,,,,,,,,,,,,,,1610612747,LAL,Los Angeles,Kentavious Caldwell-Pope,nan,G,nan,26:22:00,1.0,2.0,0.5,0.0,1.0,0.0,0.0,0.0,0.0,0.0,1.0,1.0,0.0,2.0,0.0,1.0,5.0,2.0,5.0,Guard,0.07579927228623384,0.07772953644911912
254,41900315,203484,"Caldwell-Pope, Kentavious",Los Angeles Lakers,1610612747,LAL,made,1,"Davis, Anthony",203076,0.25,5,0,0,2,0.0,0,2,0.0,0,0,0.0,,,,,,,,,,,,,,,,,,,,,1610612747,LAL,Los Angeles,Kentavious Caldwell-Pope,nan,G,nan,26:22:00,1.0,2.0,0.5,0.0,1.0,0.0,0.0,0.0,0.0,0.0,1.0,1.0,0.0,2.0,0.0,1.0,5.0,2.0,5.0,Guard,0.07579927228623384,0.07772953644911912
255,41900315,203484,"Caldwell-Pope, Kentavious",Los Angeles Lakers,1610612747,LAL,made,1,"Green, Danny",201980,0.1,2,0,0,1,0.0,0,1,0.0,0,0,0.0,,,,,,,,,,,,,,,,,,,,,1610612747,LAL,Los Angeles,Kentavious Caldwell-Pope,nan,G,nan,26:22:00,1.0,2.0,0.5,0.0,1.0,0.0,0.0,0.0,0.0,0.0,1.0,1.0,0.0,2.0,0.0,1.0,5.0,2.0,5.0,Guard,0.07579927228623384,0.07772953644911912
256,41900315,203484,"Caldwell-Pope, Kentavious",Los Angeles Lakers,1610612747,LAL,made,1,"Howard, Dwight",2730,0.15,3,0,1,1,1.0,1,1,1.0,0,0,0.0,,,,,,,,,,,,,,,,,,,,,1610612747,LAL,Los Angeles,Kentavious Caldwell-Pope,nan,G,nan,26:22:00,1.0,2.0,0.5,0.0,1.0,0.0,0.0,0.0,0.0,0.0,1.0,1.0,0.0,2.0,0.0,1.0,5.0,2.0,5.0,Guard,0.07579927228623384,0.07772953644911912
257,41900315,203484,"Caldwell-Pope, Kentavious",Los Angeles Lakers,1610612747,LAL,made,1,"James, LeBron",2544,0.45,9,0,1,4,0.25,1,4,0.25,0,0,0.0,,,,,,,,,,,,,,,,,,,,,1610612747,LAL,Los Angeles,Kentavious Caldwell-Pope,nan,G,nan,26:22:00,1.0,2.0,0.5,0.0,1.0,0.0,0.0,0.0,0.0,0.0,1.0,1.0,0.0,2.0,0.0,1.0,5.0,2.0,5.0,Guard,0.07579927228623384,0.07772953644911912
258,41900315,1627936,"Caruso, Alex",Los Angeles Lakers,1610612747,LAL,made,1,"Kuzma, Kyle",1628398,0.063,2,1,1,1,1.0,0,0,0.0,1,1,1.0,,,,,,,,,,,,,,,,,,,,,1610612747,LAL,Los Angeles,Alex Caruso,nan,nan,nan,25:39:00,5.0,7.0,0.714,0.0,1.0,0.0,1.0,1.0,1.0,0.0,2.0,2.0,4.0,1.0,1.0,3.0,2.0,11.0,16.0,Guard,0.07579927228623384,0.07772953644911912
259,41900315,1627936,"Caruso, Alex",Los Angeles Lakers,1610612747,LAL,made,1,"Caldwell-Pope, Kentavious",203484,0.031,1,0,0,0,0.0,0,0,0.0,0,0,0.0,,,,,,,,,,,,,,,,,,,,,1610612747,LAL,Los Angeles,Alex Caruso,nan,nan,nan,25:39:00,5.0,7.0,0.714,0.0,1.0,0.0,1.0,1.0,1.0,0.0,2.0,2.0,4.0,1.0,1.0,3.0,2.0,11.0,16.0,Guard,0.07579927228623384,0.07772953644911912
260,41900315,1627936,"Caruso, Alex",Los Angeles Lakers,1610612747,LAL,made,1,"Davis, Anthony",203076,0.25,8,2,2,5,0.4,1,3,0.333,1,2,0.5,,,,,,,,,,,,,,,,,,,,,1610612747,LAL,Los Angeles,Alex Caruso,nan,nan,nan,25:39:00,5.0,7.0,0.714,0.0,1.0,0.0,1.0,1.0,1.0,0.0,2.0,2.0,4.0,1.0,1.0,3.0,2.0,11.0,16.0,Guard,0.07579927228623384,0.07772953644911912
261,41900315,1627936,"Caruso, Alex",Los Angeles Lakers,1610612747,LAL,made,1,"Morris, Markieff",202693,0.031,1,0,0,0,0.0,0,0,0.0,0,0,0.0,,,,,,,,,,,,,,,,,,,,,1610612747,LAL,Los Angeles,Alex Caruso,nan,nan,nan,25:39:00,5.0,7.0,0.714,0.0,1.0,0.0,1.0,1.0,1.0,0.0,2.0,2.0,4.0,1.0,1.0,3.0,2.0,11.0,16.0,Guard,0.07579927228623384,0.07772953644911912
262,41900315,1627936,"Caruso, Alex",Los Angeles Lakers,1610612747,LAL,made,1,"Green, Danny",201980,0.031,1,0,0,0,0.0,0,0,0.0,0,0,0.0,,,,,,,,,,,,,,,,,,,,,1610612747,LAL,Los Angeles,Alex Caruso,nan,nan,nan,25:39:00,5.0,7.0,0.714,0.0,1.0,0.0,1.0,1.0,1.0,0.0,2.0,2.0,4.0,1.0,1.0,3.0,2.0,11.0,16.0,Guard,0.07579927228623384,0.07772953644911912
263,41900315,1627936,"Caruso, Alex",Los Angeles Lakers,1610612747,LAL,made,1,"McGee, JaVale",201580,0.031,1,0,0,0,0.0,0,0,0.0,0,0,0.0,,,,,,,,,,,,,,,,,,,,,1610612747,LAL,Los Angeles,Alex Caruso,nan,nan,nan,25:39:00,5.0,7.0,0.714,0.0,1.0,0.0,1.0,1.0,1.0,0.0,2.0,2.0,4.0,1.0,1.0,3.0,2.0,11.0,16.0,Guard,0.07579927228623384,0.07772953644911912
264,41900315,1627936,"Caruso, Alex",Los Angeles Lakers,1610612747,LAL,made,1,"Rondo, Rajon",200765,0.125,4,0,0,1,0.0,0,0,0.0,0,1,0.0,,,,,,,,,,,,,,,,,,,,,1610612747,LAL,Los Angeles,Alex Caruso,nan,nan,nan,25:39:00,5.0,7.0,0.714,0.0,1.0,0.0,1.0,1.0,1.0,0.0,2.0,2.0,4.0,1.0,1.0,3.0,2.0,11.0,16.0,Guard,0.07579927228623384,0.07772953644911912
265,41900315,1627936,"Caruso, Alex",Los Angeles Lakers,1610612747,LAL,made,1,"James, LeBron",2544,0.438,14,1,6,6,1.0,6,6,1.0,0,0,0.0,,,,,,,,,,,,,,,,,,,,,1610612747,LAL,Los Angeles,Alex Caruso,nan,nan,nan,25:39:00,5.0,7.0,0.714,0.0,1.0,0.0,1.0,1.0,1.0,0.0,2.0,2.0,4.0,1.0,1.0,3.0,2.0,11.0,16.0,Guard,0.07579927228623384,0.07772953644911912
266,41900315,1628398,"Kuzma, Kyle",Los Angeles Lakers,1610612747,LAL,made,1,"Caruso, Alex",1627936,0.091,1,0,0,0,0.0,0,0,0.0,0,0,0.0,,,,,,,,,,,,,,,,,,,,,1610612747,LAL,Los Angeles,Kyle Kuzma,nan,nan,nan,20:44,3.0,7.0,0.429,1.0,3.0,0.333,1.0,1.0,1.0,0.0,3.0,3.0,1.0,0.0,1.0,0.0,3.0,8.0,0.0,Forward,0.08277631578947353,0.09808825939951168
267,41900315,1628398,"Kuzma, Kyle",Los Angeles Lakers,1610612747,LAL,made,1,"McGee, JaVale",201580,0.091,1,0,0,1,0.0,0,1,0.0,0,0,0.0,,,,,,,,,,,,,,,,,,,,,1610612747,LAL,Los Angeles,Kyle Kuzma,nan,nan,nan,20:44,3.0,7.0,0.429,1.0,3.0,0.333,1.0,1.0,1.0,0.0,3.0,3.0,1.0,0.0,1.0,0.0,3.0,8.0,0.0,Forward,0.08277631578947353,0.09808825939951168
268,41900315,1628398,"Kuzma, Kyle",Los Angeles Lakers,1610612747,LAL,made,1,"Rondo, Rajon",200765,0.182,2,0,0,0,0.0,0,0,0.0,0,0,0.0,,,,,,,,,,,,,,,,,,,,,1610612747,LAL,Los Angeles,Kyle Kuzma,nan,nan,nan,20:44,3.0,7.0,0.429,1.0,3.0,0.333,1.0,1.0,1.0,0.0,3.0,3.0,1.0,0.0,1.0,0.0,3.0,8.0,0.0,Forward,0.08277631578947353,0.09808825939951168
269,41900315,1628398,"Kuzma, Kyle",Los Angeles Lakers,1610612747,LAL,made,1,"Howard, Dwight",2730,0.182,2,1,1,2,0.5,1,2,0.5,0,0,0.0,,,,,,,,,,,,,,,,,,,,,1610612747,LAL,Los Angeles,Kyle Kuzma,nan,nan,nan,20:44,3.0,7.0,0.429,1.0,3.0,0.333,1.0,1.0,1.0,0.0,3.0,3.0,1.0,0.0,1.0,0.0,3.0,8.0,0.0,Forward,0.08277631578947353,0.09808825939951168
270,41900315,1628398,"Kuzma, Kyle",Los Angeles Lakers,1610612747,LAL,made,1,"James, LeBron",2544,0.455,5,1,1,3,0.333,1,2,0.5,0,1,0.0,,,,,,,,,,,,,,,,,,,,,1610612747,LAL,Los Angeles,Kyle Kuzma,nan,nan,nan,20:44,3.0,7.0,0.429,1.0,3.0,0.333,1.0,1.0,1.0,0.0,3.0,3.0,1.0,0.0,1.0,0.0,3.0,8.0,0.0,Forward,0.08277631578947353,0.09808825939951168
