,GAME_ID,PLAYER_ID,PLAYER_NAME_LAST_FIRST_home,TEAM_NAME_home,TEAM_ID_home,TEAM_ABBREVIATION_home,PASS_TYPE_home,G_home,PASS_TO_home,PASS_TEAMMATE_PLAYER_ID_home,FREQUENCY_home,PASS_home,AST_home,FGM_home,FGA_home,FG_PCT_home,FG2M_home,FG2A_home,FG2_PCT_home,FG3M_home,FG3A_home,FG3_PCT_home,PLAYER_NAME_LAST_FIRST_away,TEAM_NAME_away,TEAM_ID_away,TEAM_ABBREVIATION_away,PASS_TYPE_away,G_away,PASS_TO_away,PASS_TEAMMATE_PLAYER_ID_away,FREQUENCY_away,PASS_away,AST_away,FGM_away,FGA_away,FG_PCT_away,FG2M_away,FG2A_away,FG2_PCT_away,FG3M_away,FG3A_away,FG3_PCT_away,TEAM_ID,TEAM_ABBREVIATION,TEAM_CITY,PLAYER_NAME,NICKNAME,START_POSITION,COMMENT,MIN,FGM,FGA,FG_PCT,FG3M,FG3A,FG3_PCT,FTM,FTA,FT_PCT,OREB,DREB,REB,AST,STL,BLK,TO,PF,PTS,PLUS_MINUS,POSITION,mean,std,FREQUENCY
0,21900304,200794,"Millsap, Paul",Denver Nuggets,1610612743,DEN,made,1,"Murray, Jamal",1627750,0.438,14,1,1,1,1.0,1,1,1.0,0,0,0.0,,,,,,,,,,,,,,,,,,,,,1610612743,DEN,Denver,Paul Millsap,nan,F,nan,29:59:00,8.0,14.0,0.571,2.0,3.0,0.667,3.0,3.0,1.0,2.0,6.0,8.0,2.0,1.0,1.0,3.0,4.0,21.0,-2.0,Forward,0.08277631578947353,0.09808825939951168,3.621469953541605
1,21900304,200794,"Millsap, Paul",Denver Nuggets,1610612743,DEN,made,1,"Jokic, Nikola",203999,0.25,8,0,0,2,0.0,0,1,0.0,0,1,0.0,,,,,,,,,,,,,,,,,,,,,1610612743,DEN,Denver,Paul Millsap,nan,F,nan,29:59:00,8.0,14.0,0.571,2.0,3.0,0.667,3.0,3.0,1.0,2.0,6.0,8.0,2.0,1.0,1.0,3.0,4.0,21.0,-2.0,Forward,0.08277631578947353,0.09808825939951168,1.7048287453998696
2,21900304,200794,"Millsap, Paul",Denver Nuggets,1610612743,DEN,made,1,"Harris, Gary",203914,0.156,5,0,0,0,0.0,0,0,0.0,0,0,0.0,,,,,,,,,,,,,,,,,,,,,1610612743,DEN,Denver,Paul Millsap,nan,F,nan,29:59:00,8.0,14.0,0.571,2.0,3.0,0.667,3.0,3.0,1.0,2.0,6.0,8.0,2.0,1.0,1.0,3.0,4.0,21.0,-2.0,Forward,0.08277631578947353,0.09808825939951168,0.7465081413290019
3,21900304,200794,"Millsap, Paul",Denver Nuggets,1610612743,DEN,made,1,"Barton, Will",203115,0.156,5,1,1,2,0.5,0,0,0.0,1,2,0.5,,,,,,,,,,,,,,,,,,,,,1610612743,DEN,Denver,Paul Millsap,nan,F,nan,29:59:00,8.0,14.0,0.571,2.0,3.0,0.667,3.0,3.0,1.0,2.0,6.0,8.0,2.0,1.0,1.0,3.0,4.0,21.0,-2.0,Forward,0.08277631578947353,0.09808825939951168,0.7465081413290019
4,21900304,203115,"Barton, Will",Denver Nuggets,1610612743,DEN,made,1,"Morris, Monte",1628420,0.065,3,0,0,1,0.0,0,1,0.0,0,0,0.0,,,,,,,,,,,,,,,,,,,,,1610612743,DEN,Denver,Will Barton,nan,F,nan,37:28:00,2.0,11.0,0.182,1.0,8.0,0.125,0.0,0.0,0.0,0.0,6.0,6.0,4.0,1.0,0.0,0.0,5.0,5.0,-2.0,Guard,0.07579927228623384,0.07772953644911912,-0.13893395972202824
5,21900304,203115,"Barton, Will",Denver Nuggets,1610612743,DEN,made,1,"Murray, Jamal",1627750,0.217,10,0,0,2,0.0,0,2,0.0,0,0,0.0,,,,,,,,,,,,,,,,,,,,,1610612743,DEN,Denver,Will Barton,nan,F,nan,37:28:00,2.0,11.0,0.182,1.0,8.0,0.125,0.0,0.0,0.0,0.0,6.0,6.0,4.0,1.0,0.0,0.0,5.0,5.0,-2.0,Guard,0.07579927228623384,0.07772953644911912,1.8165646440744512
6,21900304,203115,"Barton, Will",Denver Nuggets,1610612743,DEN,made,1,"Beasley, Malik",1627736,0.022,1,0,0,0,0.0,0,0,0.0,0,0,0.0,,,,,,,,,,,,,,,,,,,,,1610612743,DEN,Denver,Will Barton,nan,F,nan,37:28:00,2.0,11.0,0.182,1.0,8.0,0.125,0.0,0.0,0.0,0.0,6.0,6.0,4.0,1.0,0.0,0.0,5.0,5.0,-2.0,Guard,0.07579927228623384,0.07772953644911912,-0.6921342226381376
7,21900304,203115,"Barton, Will",Denver Nuggets,1610612743,DEN,made,1,"Jokic, Nikola",203999,0.348,16,0,0,2,0.0,0,2,0.0,0,0,0.0,,,,,,,,,,,,,,,,,,,,,1610612743,DEN,Denver,Will Barton,nan,F,nan,37:28:00,2.0,11.0,0.182,1.0,8.0,0.125,0.0,0.0,0.0,0.0,6.0,6.0,4.0,1.0,0.0,0.0,5.0,5.0,-2.0,Guard,0.07579927228623384,0.07772953644911912,3.501895677609575
8,21900304,203115,"Barton, Will",Denver Nuggets,1610612743,DEN,made,1,"Harris, Gary",203914,0.065,3,0,0,1,0.0,0,0,0.0,0,1,0.0,,,,,,,,,,,,,,,,,,,,,1610612743,DEN,Denver,Will Barton,nan,F,nan,37:28:00,2.0,11.0,0.182,1.0,8.0,0.125,0.0,0.0,0.0,0.0,6.0,6.0,4.0,1.0,0.0,0.0,5.0,5.0,-2.0,Guard,0.07579927228623384,0.07772953644911912,-0.13893395972202824
9,21900304,203115,"Barton, Will",Denver Nuggets,1610612743,DEN,made,1,"Plumlee, Mason",203486,0.109,5,2,2,2,1.0,2,2,1.0,0,0,0.0,,,,,,,,,,,,,,,,,,,,,1610612743,DEN,Denver,Will Barton,nan,F,nan,37:28:00,2.0,11.0,0.182,1.0,8.0,0.125,0.0,0.0,0.0,0.0,6.0,6.0,4.0,1.0,0.0,0.0,5.0,5.0,-2.0,Guard,0.07579927228623384,0.07772953644911912,0.42713142558747896
10,21900304,203115,"Barton, Will",Denver Nuggets,1610612743,DEN,made,1,"Millsap, Paul",200794,0.174,8,2,3,6,0.5,2,4,0.5,1,2,0.5,,,,,,,,,,,,,,,,,,,,,1610612743,DEN,Denver,Will Barton,nan,F,nan,37:28:00,2.0,11.0,0.182,1.0,8.0,0.125,0.0,0.0,0.0,0.0,6.0,6.0,4.0,1.0,0.0,0.0,5.0,5.0,-2.0,Guard,0.07579927228623384,0.07772953644911912,1.2633643811583417
11,21900304,203486,"Plumlee, Mason",Denver Nuggets,1610612743,DEN,made,1,"Morris, Monte",1628420,0.222,6,1,2,2,1.0,1,1,1.0,1,1,1.0,,,,,,,,,,,,,,,,,,,,,1610612743,DEN,Denver,Mason Plumlee,nan,nan,nan,13:36,2.0,4.0,0.5,0.0,1.0,0.0,2.0,2.0,1.0,0.0,6.0,6.0,3.0,0.0,0.0,1.0,5.0,6.0,-3.0,Forward-Center,0.07763774733637752,0.10299718638018637,1.4016135560319882
12,21900304,203486,"Plumlee, Mason",Denver Nuggets,1610612743,DEN,made,1,"Hernangomez, Juancho",1627823,0.111,3,0,0,1,0.0,0,1,0.0,0,0,0.0,,,,,,,,,,,,,,,,,,,,,1610612743,DEN,Denver,Mason Plumlee,nan,nan,nan,13:36,2.0,4.0,0.5,0.0,1.0,0.0,2.0,2.0,1.0,0.0,6.0,6.0,3.0,0.0,0.0,1.0,5.0,6.0,-3.0,Forward-Center,0.07763774733637752,0.10299718638018637,0.3239142139327449
13,21900304,203486,"Plumlee, Mason",Denver Nuggets,1610612743,DEN,made,1,"Murray, Jamal",1627750,0.185,5,0,1,2,0.5,1,2,0.5,0,0,0.0,,,,,,,,,,,,,,,,,,,,,1610612743,DEN,Denver,Mason Plumlee,nan,nan,nan,13:36,2.0,4.0,0.5,0.0,1.0,0.0,2.0,2.0,1.0,0.0,6.0,6.0,3.0,0.0,0.0,1.0,5.0,6.0,-3.0,Forward-Center,0.07763774733637752,0.10299718638018637,1.0423804419989071
14,21900304,203486,"Plumlee, Mason",Denver Nuggets,1610612743,DEN,made,1,"Beasley, Malik",1627736,0.222,6,1,1,4,0.25,1,3,0.333,0,1,0.0,,,,,,,,,,,,,,,,,,,,,1610612743,DEN,Denver,Mason Plumlee,nan,nan,nan,13:36,2.0,4.0,0.5,0.0,1.0,0.0,2.0,2.0,1.0,0.0,6.0,6.0,3.0,0.0,0.0,1.0,5.0,6.0,-3.0,Forward-Center,0.07763774733637752,0.10299718638018637,1.4016135560319882
15,21900304,203486,"Plumlee, Mason",Denver Nuggets,1610612743,DEN,made,1,"Grant, Jerami",203924,0.111,3,1,1,1,1.0,1,1,1.0,0,0,0.0,,,,,,,,,,,,,,,,,,,,,1610612743,DEN,Denver,Mason Plumlee,nan,nan,nan,13:36,2.0,4.0,0.5,0.0,1.0,0.0,2.0,2.0,1.0,0.0,6.0,6.0,3.0,0.0,0.0,1.0,5.0,6.0,-3.0,Forward-Center,0.07763774733637752,0.10299718638018637,0.3239142139327449
16,21900304,203486,"Plumlee, Mason",Denver Nuggets,1610612743,DEN,made,1,"Barton, Will",203115,0.148,4,0,0,0,0.0,0,0,0.0,0,0,0.0,,,,,,,,,,,,,,,,,,,,,1610612743,DEN,Denver,Mason Plumlee,nan,nan,nan,13:36,2.0,4.0,0.5,0.0,1.0,0.0,2.0,2.0,1.0,0.0,6.0,6.0,3.0,0.0,0.0,1.0,5.0,6.0,-3.0,Forward-Center,0.07763774733637752,0.10299718638018637,0.6831473279658259
17,21900304,203914,"Harris, Gary",Denver Nuggets,1610612743,DEN,made,1,"Murray, Jamal",1627750,0.067,1,0,0,0,0.0,0,0,0.0,0,0,0.0,,,,,,,,,,,,,,,,,,,,,1610612743,DEN,Denver,Gary Harris,nan,G,nan,32:51:00,4.0,9.0,0.444,1.0,3.0,0.333,0.0,0.0,0.0,1.0,0.0,1.0,0.0,1.0,0.0,1.0,2.0,9.0,-4.0,Guard,0.07579927228623384,0.07772953644911912,-0.11320371493523243
18,21900304,203914,"Harris, Gary",Denver Nuggets,1610612743,DEN,made,1,"Jokic, Nikola",203999,0.533,8,0,0,2,0.0,0,2,0.0,0,0,0.0,,,,,,,,,,,,,,,,,,,,,1610612743,DEN,Denver,Gary Harris,nan,G,nan,32:51:00,4.0,9.0,0.444,1.0,3.0,0.333,0.0,0.0,0.0,1.0,0.0,1.0,0.0,1.0,0.0,1.0,2.0,9.0,-4.0,Guard,0.07579927228623384,0.07772953644911912,5.881943320388185
19,21900304,203914,"Harris, Gary",Denver Nuggets,1610612743,DEN,made,1,"Barton, Will",203115,0.133,2,0,0,2,0.0,0,1,0.0,0,1,0.0,,,,,,,,,,,,,,,,,,,,,1610612743,DEN,Denver,Gary Harris,nan,G,nan,32:51:00,4.0,9.0,0.444,1.0,3.0,0.333,0.0,0.0,0.0,1.0,0.0,1.0,0.0,1.0,0.0,1.0,2.0,9.0,-4.0,Guard,0.07579927228623384,0.07772953644911912,0.7358943630290284
20,21900304,203914,"Harris, Gary",Denver Nuggets,1610612743,DEN,made,1,"Millsap, Paul",200794,0.267,4,0,0,0,0.0,0,0,0.0,0,0,0.0,,,,,,,,,,,,,,,,,,,,,1610612743,DEN,Denver,Gary Harris,nan,G,nan,32:51:00,4.0,9.0,0.444,1.0,3.0,0.333,0.0,0.0,0.0,1.0,0.0,1.0,0.0,1.0,0.0,1.0,2.0,9.0,-4.0,Guard,0.07579927228623384,0.07772953644911912,2.459820763744346
21,21900304,203924,"Grant, Jerami",Denver Nuggets,1610612743,DEN,made,1,"Morris, Monte",1628420,0.333,8,0,0,1,0.0,0,1,0.0,0,0,0.0,,,,,,,,,,,,,,,,,,,,,1610612743,DEN,Denver,Jerami Grant,nan,nan,nan,18:01,2.0,4.0,0.5,1.0,3.0,0.333,0.0,0.0,0.0,1.0,1.0,2.0,2.0,0.0,1.0,0.0,2.0,5.0,-7.0,Forward,0.08277631578947353,0.09808825939951168,2.5510054489943594
22,21900304,203924,"Grant, Jerami",Denver Nuggets,1610612743,DEN,made,1,"Hernangomez, Juancho",1627823,0.042,1,0,0,1,0.0,0,0,0.0,0,1,0.0,,,,,,,,,,,,,,,,,,,,,1610612743,DEN,Denver,Jerami Grant,nan,nan,nan,18:01,2.0,4.0,0.5,1.0,3.0,0.333,0.0,0.0,0.0,1.0,1.0,2.0,2.0,0.0,1.0,0.0,2.0,5.0,-7.0,Forward,0.08277631578947353,0.09808825939951168,-0.4157104636080078
23,21900304,203924,"Grant, Jerami",Denver Nuggets,1610612743,DEN,made,1,"Murray, Jamal",1627750,0.208,5,0,0,0,0.0,0,0,0.0,0,0,0.0,,,,,,,,,,,,,,,,,,,,,1610612743,DEN,Denver,Jerami Grant,nan,nan,nan,18:01,2.0,4.0,0.5,1.0,3.0,0.333,0.0,0.0,0.0,1.0,1.0,2.0,2.0,0.0,1.0,0.0,2.0,5.0,-7.0,Forward,0.08277631578947353,0.09808825939951168,1.2766429435809712
24,21900304,203924,"Grant, Jerami",Denver Nuggets,1610612743,DEN,made,1,"Beasley, Malik",1627736,0.208,5,1,1,2,0.5,1,1,1.0,0,1,0.0,,,,,,,,,,,,,,,,,,,,,1610612743,DEN,Denver,Jerami Grant,nan,nan,nan,18:01,2.0,4.0,0.5,1.0,3.0,0.333,0.0,0.0,0.0,1.0,1.0,2.0,2.0,0.0,1.0,0.0,2.0,5.0,-7.0,Forward,0.08277631578947353,0.09808825939951168,1.2766429435809712
25,21900304,203924,"Grant, Jerami",Denver Nuggets,1610612743,DEN,made,1,"Jokic, Nikola",203999,0.042,1,1,1,1,1.0,1,1,1.0,0,0,0.0,,,,,,,,,,,,,,,,,,,,,1610612743,DEN,Denver,Jerami Grant,nan,nan,nan,18:01,2.0,4.0,0.5,1.0,3.0,0.333,0.0,0.0,0.0,1.0,1.0,2.0,2.0,0.0,1.0,0.0,2.0,5.0,-7.0,Forward,0.08277631578947353,0.09808825939951168,-0.4157104636080078
26,21900304,203924,"Grant, Jerami",Denver Nuggets,1610612743,DEN,made,1,"Plumlee, Mason",203486,0.125,3,0,0,0,0.0,0,0,0.0,0,0,0.0,,,,,,,,,,,,,,,,,,,,,1610612743,DEN,Denver,Jerami Grant,nan,nan,nan,18:01,2.0,4.0,0.5,1.0,3.0,0.333,0.0,0.0,0.0,1.0,1.0,2.0,2.0,0.0,1.0,0.0,2.0,5.0,-7.0,Forward,0.08277631578947353,0.09808825939951168,0.4304662399864817
27,21900304,203924,"Grant, Jerami",Denver Nuggets,1610612743,DEN,made,1,"Barton, Will",203115,0.042,1,0,0,0,0.0,0,0,0.0,0,0,0.0,,,,,,,,,,,,,,,,,,,,,1610612743,DEN,Denver,Jerami Grant,nan,nan,nan,18:01,2.0,4.0,0.5,1.0,3.0,0.333,0.0,0.0,0.0,1.0,1.0,2.0,2.0,0.0,1.0,0.0,2.0,5.0,-7.0,Forward,0.08277631578947353,0.09808825939951168,-0.4157104636080078
28,21900304,203999,"Jokic, Nikola",Denver Nuggets,1610612743,DEN,made,1,"Morris, Monte",1628420,0.026,2,0,0,0,0.0,0,0,0.0,0,0,0.0,,,,,,,,,,,,,,,,,,,,,1610612743,DEN,Denver,Nikola Jokic,nan,C,nan,34:24:00,4.0,12.0,0.333,0.0,2.0,0.0,5.0,6.0,0.833,1.0,4.0,5.0,8.0,3.0,0.0,5.0,4.0,13.0,-6.0,Center,0.08821875,0.1129606506623714,-0.550800209056567
29,21900304,203999,"Jokic, Nikola",Denver Nuggets,1610612743,DEN,made,1,"Hernangomez, Juancho",1627823,0.013,1,1,1,1,1.0,1,1,1.0,0,0,0.0,,,,,,,,,,,,,,,,,,,,,1610612743,DEN,Denver,Nikola Jokic,nan,C,nan,34:24:00,4.0,12.0,0.333,0.0,2.0,0.0,5.0,6.0,0.833,1.0,4.0,5.0,8.0,3.0,0.0,5.0,4.0,13.0,-6.0,Center,0.08821875,0.1129606506623714,-0.6658845319935494
30,21900304,203999,"Jokic, Nikola",Denver Nuggets,1610612743,DEN,made,1,"Murray, Jamal",1627750,0.487,37,2,4,8,0.5,4,6,0.667,0,2,0.0,,,,,,,,,,,,,,,,,,,,,1610612743,DEN,Denver,Nikola Jokic,nan,C,nan,34:24:00,4.0,12.0,0.333,0.0,2.0,0.0,5.0,6.0,0.833,1.0,4.0,5.0,8.0,3.0,0.0,5.0,4.0,13.0,-6.0,Center,0.08821875,0.1129606506623714,3.5302669350933455
31,21900304,203999,"Jokic, Nikola",Denver Nuggets,1610612743,DEN,made,1,"Beasley, Malik",1627736,0.013,1,0,0,1,0.0,0,0,0.0,0,1,0.0,,,,,,,,,,,,,,,,,,,,,1610612743,DEN,Denver,Nikola Jokic,nan,C,nan,34:24:00,4.0,12.0,0.333,0.0,2.0,0.0,5.0,6.0,0.833,1.0,4.0,5.0,8.0,3.0,0.0,5.0,4.0,13.0,-6.0,Center,0.08821875,0.1129606506623714,-0.6658845319935494
32,21900304,203999,"Jokic, Nikola",Denver Nuggets,1610612743,DEN,made,1,"Harris, Gary",203914,0.145,11,4,4,7,0.571,3,6,0.5,1,1,1.0,,,,,,,,,,,,,,,,,,,,,1610612743,DEN,Denver,Nikola Jokic,nan,C,nan,34:24:00,4.0,12.0,0.333,0.0,2.0,0.0,5.0,6.0,0.833,1.0,4.0,5.0,8.0,3.0,0.0,5.0,4.0,13.0,-6.0,Center,0.08821875,0.1129606506623714,0.5026639778281176
33,21900304,203999,"Jokic, Nikola",Denver Nuggets,1610612743,DEN,made,1,"Barton, Will",203115,0.25,19,1,1,3,0.333,1,1,1.0,0,2,0.0,,,,,,,,,,,,,,,,,,,,,1610612743,DEN,Denver,Nikola Jokic,nan,C,nan,34:24:00,4.0,12.0,0.333,0.0,2.0,0.0,5.0,6.0,0.833,1.0,4.0,5.0,8.0,3.0,0.0,5.0,4.0,13.0,-6.0,Center,0.08821875,0.1129606506623714,1.432191201549898
34,21900304,203999,"Jokic, Nikola",Denver Nuggets,1610612743,DEN,made,1,"Millsap, Paul",200794,0.066,5,0,0,2,0.0,0,2,0.0,0,0,0.0,,,,,,,,,,,,,,,,,,,,,1610612743,DEN,Denver,Nikola Jokic,nan,C,nan,34:24:00,4.0,12.0,0.333,0.0,2.0,0.0,5.0,6.0,0.833,1.0,4.0,5.0,8.0,3.0,0.0,5.0,4.0,13.0,-6.0,Center,0.08821875,0.1129606506623714,-0.19669460001969816
35,21900304,1627736,"Beasley, Malik",Denver Nuggets,1610612743,DEN,made,1,"Morris, Monte",1628420,0.333,3,0,0,0,0.0,0,0,0.0,0,0,0.0,,,,,,,,,,,,,,,,,,,,,1610612743,DEN,Denver,Malik Beasley,nan,nan,nan,13:20,3.0,11.0,0.273,0.0,3.0,0.0,0.0,0.0,0.0,0.0,0.0,0.0,0.0,0.0,0.0,0.0,0.0,6.0,-3.0,Guard,0.07579927228623384,0.07772953644911912,3.308918841708607
36,21900304,1627736,"Beasley, Malik",Denver Nuggets,1610612743,DEN,made,1,"Grant, Jerami",203924,0.222,2,0,0,1,0.0,0,0,0.0,0,1,0.0,,,,,,,,,,,,,,,,,,,,,1610612743,DEN,Denver,Malik Beasley,nan,nan,nan,13:20,3.0,11.0,0.273,0.0,3.0,0.0,0.0,0.0,0.0,0.0,0.0,0.0,0.0,0.0,0.0,0.0,0.0,6.0,-3.0,Guard,0.07579927228623384,0.07772953644911912,1.8808902560414407
37,21900304,1627736,"Beasley, Malik",Denver Nuggets,1610612743,DEN,made,1,"Plumlee, Mason",203486,0.444,4,0,0,0,0.0,0,0,0.0,0,0,0.0,,,,,,,,,,,,,,,,,,,,,1610612743,DEN,Denver,Malik Beasley,nan,nan,nan,13:20,3.0,11.0,0.273,0.0,3.0,0.0,0.0,0.0,0.0,0.0,0.0,0.0,0.0,0.0,0.0,0.0,0.0,6.0,-3.0,Guard,0.07579927228623384,0.07772953644911912,4.736947427375773
38,21900304,1627750,"Murray, Jamal",Denver Nuggets,1610612743,DEN,made,1,"Beasley, Malik",1627736,0.032,2,0,0,2,0.0,0,2,0.0,0,0,0.0,,,,,,,,,,,,,,,,,,,,,1610612743,DEN,Denver,Jamal Murray,nan,G,nan,35:44:00,8.0,17.0,0.471,0.0,3.0,0.0,6.0,6.0,1.0,0.0,5.0,5.0,5.0,2.0,1.0,1.0,0.0,22.0,-7.0,Guard,0.07579927228623384,0.07772953644911912,-0.5634829987041586
39,21900304,1627750,"Murray, Jamal",Denver Nuggets,1610612743,DEN,made,1,"Jokic, Nikola",203999,0.5,31,2,2,5,0.4,2,5,0.4,0,0,0.0,,,,,,,,,,,,,,,,,,,,,1610612743,DEN,Denver,Jamal Murray,nan,G,nan,35:44:00,8.0,17.0,0.471,0.0,3.0,0.0,6.0,6.0,1.0,0.0,5.0,5.0,5.0,2.0,1.0,1.0,0.0,22.0,-7.0,Guard,0.07579927228623384,0.07772953644911912,5.457394281406055
40,21900304,1627750,"Murray, Jamal",Denver Nuggets,1610612743,DEN,made,1,"Grant, Jerami",203924,0.048,3,0,0,1,0.0,0,0,0.0,0,1,0.0,,,,,,,,,,,,,,,,,,,,,1610612743,DEN,Denver,Jamal Murray,nan,G,nan,35:44:00,8.0,17.0,0.471,0.0,3.0,0.0,6.0,6.0,1.0,0.0,5.0,5.0,5.0,2.0,1.0,1.0,0.0,22.0,-7.0,Guard,0.07579927228623384,0.07772953644911912,-0.3576410404097924
41,21900304,1627750,"Murray, Jamal",Denver Nuggets,1610612743,DEN,made,1,"Harris, Gary",203914,0.113,7,0,0,1,0.0,0,0,0.0,0,1,0.0,,,,,,,,,,,,,,,,,,,,,1610612743,DEN,Denver,Jamal Murray,nan,G,nan,35:44:00,8.0,17.0,0.471,0.0,3.0,0.0,6.0,6.0,1.0,0.0,5.0,5.0,5.0,2.0,1.0,1.0,0.0,22.0,-7.0,Guard,0.07579927228623384,0.07772953644911912,0.4785919151610706
42,21900304,1627750,"Murray, Jamal",Denver Nuggets,1610612743,DEN,made,1,"Plumlee, Mason",203486,0.032,2,0,0,0,0.0,0,0,0.0,0,0,0.0,,,,,,,,,,,,,,,,,,,,,1610612743,DEN,Denver,Jamal Murray,nan,G,nan,35:44:00,8.0,17.0,0.471,0.0,3.0,0.0,6.0,6.0,1.0,0.0,5.0,5.0,5.0,2.0,1.0,1.0,0.0,22.0,-7.0,Guard,0.07579927228623384,0.07772953644911912,-0.5634829987041586
43,21900304,1627750,"Murray, Jamal",Denver Nuggets,1610612743,DEN,made,1,"Barton, Will",203115,0.129,8,0,0,2,0.0,0,0,0.0,0,2,0.0,,,,,,,,,,,,,,,,,,,,,1610612743,DEN,Denver,Jamal Murray,nan,G,nan,35:44:00,8.0,17.0,0.471,0.0,3.0,0.0,6.0,6.0,1.0,0.0,5.0,5.0,5.0,2.0,1.0,1.0,0.0,22.0,-7.0,Guard,0.07579927228623384,0.07772953644911912,0.6844338734554368
44,21900304,1627750,"Murray, Jamal",Denver Nuggets,1610612743,DEN,made,1,"Millsap, Paul",200794,0.145,9,3,3,5,0.6,2,4,0.5,1,1,1.0,,,,,,,,,,,,,,,,,,,,,1610612743,DEN,Denver,Jamal Murray,nan,G,nan,35:44:00,8.0,17.0,0.471,0.0,3.0,0.0,6.0,6.0,1.0,0.0,5.0,5.0,5.0,2.0,1.0,1.0,0.0,22.0,-7.0,Guard,0.07579927228623384,0.07772953644911912,0.890275831749803
45,21900304,1627823,"Hernangomez, Juancho",Denver Nuggets,1610612743,DEN,made,1,"Morris, Monte",1628420,0.375,3,0,0,0,0.0,0,0,0.0,0,0,0.0,,,,,,,,,,,,,,,,,,,,,1610612743,DEN,Denver,Juancho Hernangomez,nan,nan,nan,12:21,2.0,5.0,0.4,0.0,2.0,0.0,0.0,0.0,0.0,2.0,0.0,2.0,0.0,1.0,0.0,0.0,1.0,4.0,-9.0,Forward,0.08277631578947353,0.09808825939951168,2.9791912508132574
46,21900304,1627823,"Hernangomez, Juancho",Denver Nuggets,1610612743,DEN,made,1,"Murray, Jamal",1627750,0.125,1,0,0,0,0.0,0,0,0.0,0,0,0.0,,,,,,,,,,,,,,,,,,,,,1610612743,DEN,Denver,Juancho Hernangomez,nan,nan,nan,12:21,2.0,5.0,0.4,0.0,2.0,0.0,0.0,0.0,0.0,2.0,0.0,2.0,0.0,1.0,0.0,0.0,1.0,4.0,-9.0,Forward,0.08277631578947353,0.09808825939951168,0.4304662399864817
47,21900304,1627823,"Hernangomez, Juancho",Denver Nuggets,1610612743,DEN,made,1,"Beasley, Malik",1627736,0.125,1,0,0,1,0.0,0,1,0.0,0,0,0.0,,,,,,,,,,,,,,,,,,,,,1610612743,DEN,Denver,Juancho Hernangomez,nan,nan,nan,12:21,2.0,5.0,0.4,0.0,2.0,0.0,0.0,0.0,0.0,2.0,0.0,2.0,0.0,1.0,0.0,0.0,1.0,4.0,-9.0,Forward,0.08277631578947353,0.09808825939951168,0.4304662399864817
48,21900304,1627823,"Hernangomez, Juancho",Denver Nuggets,1610612743,DEN,made,1,"Grant, Jerami",203924,0.25,2,0,0,0,0.0,0,0,0.0,0,0,0.0,,,,,,,,,,,,,,,,,,,,,1610612743,DEN,Denver,Juancho Hernangomez,nan,nan,nan,12:21,2.0,5.0,0.4,0.0,2.0,0.0,0.0,0.0,0.0,2.0,0.0,2.0,0.0,1.0,0.0,0.0,1.0,4.0,-9.0,Forward,0.08277631578947353,0.09808825939951168,1.7048287453998696
49,21900304,1627823,"Hernangomez, Juancho",Denver Nuggets,1610612743,DEN,made,1,"Plumlee, Mason",203486,0.125,1,0,0,1,0.0,0,0,0.0,0,1,0.0,,,,,,,,,,,,,,,,,,,,,1610612743,DEN,Denver,Juancho Hernangomez,nan,nan,nan,12:21,2.0,5.0,0.4,0.0,2.0,0.0,0.0,0.0,0.0,2.0,0.0,2.0,0.0,1.0,0.0,0.0,1.0,4.0,-9.0,Forward,0.08277631578947353,0.09808825939951168,0.4304662399864817
50,21900304,1628420,"Morris, Monte",Denver Nuggets,1610612743,DEN,made,1,"Hernangomez, Juancho",1627823,0.13,3,0,0,1,0.0,0,0,0.0,0,1,0.0,,,,,,,,,,,,,,,,,,,,,1610612743,DEN,Denver,Monte Morris,nan,nan,nan,12:16,2.0,4.0,0.5,1.0,1.0,1.0,0.0,0.0,0.0,0.0,0.0,0.0,2.0,0.0,1.0,0.0,2.0,5.0,-2.0,Guard,0.07579927228623384,0.07772953644911912,0.6972989958488347
51,21900304,1628420,"Morris, Monte",Denver Nuggets,1610612743,DEN,made,1,"Beasley, Malik",1627736,0.174,4,1,1,1,1.0,1,1,1.0,0,0,0.0,,,,,,,,,,,,,,,,,,,,,1610612743,DEN,Denver,Monte Morris,nan,nan,nan,12:16,2.0,4.0,0.5,1.0,1.0,1.0,0.0,0.0,0.0,0.0,0.0,0.0,2.0,0.0,1.0,0.0,2.0,5.0,-2.0,Guard,0.07579927228623384,0.07772953644911912,1.2633643811583417
52,21900304,1628420,"Morris, Monte",Denver Nuggets,1610612743,DEN,made,1,"Jokic, Nikola",203999,0.087,2,0,0,1,0.0,0,0,0.0,0,1,0.0,,,,,,,,,,,,,,,,,,,,,1610612743,DEN,Denver,Monte Morris,nan,nan,nan,12:16,2.0,4.0,0.5,1.0,1.0,1.0,0.0,0.0,0.0,0.0,0.0,0.0,2.0,0.0,1.0,0.0,2.0,5.0,-2.0,Guard,0.07579927228623384,0.07772953644911912,0.14409873293272527
53,21900304,1628420,"Morris, Monte",Denver Nuggets,1610612743,DEN,made,1,"Grant, Jerami",203924,0.087,2,1,1,1,1.0,0,0,0.0,1,1,1.0,,,,,,,,,,,,,,,,,,,,,1610612743,DEN,Denver,Monte Morris,nan,nan,nan,12:16,2.0,4.0,0.5,1.0,1.0,1.0,0.0,0.0,0.0,0.0,0.0,0.0,2.0,0.0,1.0,0.0,2.0,5.0,-2.0,Guard,0.07579927228623384,0.07772953644911912,0.14409873293272527
54,21900304,1628420,"Morris, Monte",Denver Nuggets,1610612743,DEN,made,1,"Plumlee, Mason",203486,0.304,7,0,0,2,0.0,0,2,0.0,0,0,0.0,,,,,,,,,,,,,,,,,,,,,1610612743,DEN,Denver,Monte Morris,nan,nan,nan,12:16,2.0,4.0,0.5,1.0,1.0,1.0,0.0,0.0,0.0,0.0,0.0,0.0,2.0,0.0,1.0,0.0,2.0,5.0,-2.0,Guard,0.07579927228623384,0.07772953644911912,2.935830292300068
55,21900304,1628420,"Morris, Monte",Denver Nuggets,1610612743,DEN,made,1,"Barton, Will",203115,0.217,5,0,0,1,0.0,0,1,0.0,0,0,0.0,,,,,,,,,,,,,,,,,,,,,1610612743,DEN,Denver,Monte Morris,nan,nan,nan,12:16,2.0,4.0,0.5,1.0,1.0,1.0,0.0,0.0,0.0,0.0,0.0,0.0,2.0,0.0,1.0,0.0,2.0,5.0,-2.0,Guard,0.07579927228623384,0.07772953644911912,1.8165646440744512
56,21900443,2730,"Howard, Dwight",Los Angeles Lakers,1610612747,LAL,made,1,"Kuzma, Kyle",1628398,0.103,3,0,0,0,0.0,0,0,0.0,0,0,0.0,,,,,,,,,,,,,,,,,,,,,1610612747,LAL,Los Angeles,Dwight Howard,nan,nan,nan,16:38,4.0,4.0,1.0,0.0,0.0,0.0,0.0,2.0,0.0,5.0,2.0,7.0,1.0,0.0,0.0,2.0,2.0,8.0,-19.0,Center-Forward,0.08316204690831555,0.10142903801705985,0.19558455329476554
57,21900443,2730,"Howard, Dwight",Los Angeles Lakers,1610612747,LAL,made,1,"Caruso, Alex",1627936,0.138,4,0,0,1,0.0,0,1,0.0,0,0,0.0,,,,,,,,,,,,,,,,,,,,,1610612747,LAL,Los Angeles,Dwight Howard,nan,nan,nan,16:38,4.0,4.0,1.0,0.0,0.0,0.0,0.0,2.0,0.0,5.0,2.0,7.0,1.0,0.0,0.0,2.0,2.0,8.0,-19.0,Center-Forward,0.08316204690831555,0.10142903801705985,0.5406533884552961
58,21900443,2730,"Howard, Dwight",Los Angeles Lakers,1610612747,LAL,made,1,"Cook, Quinn",1626188,0.31,9,0,1,4,0.25,1,3,0.333,0,1,0.0,,,,,,,,,,,,,,,,,,,,,1610612747,LAL,Los Angeles,Dwight Howard,nan,nan,nan,16:38,4.0,4.0,1.0,0.0,0.0,0.0,0.0,2.0,0.0,5.0,2.0,7.0,1.0,0.0,0.0,2.0,2.0,8.0,-19.0,Center-Forward,0.08316204690831555,0.10142903801705985,2.2364202355299025
59,21900443,2730,"Howard, Dwight",Los Angeles Lakers,1610612747,LAL,made,1,"Caldwell-Pope, Kentavious",203484,0.276,8,1,1,1,1.0,0,0,0.0,1,1,1.0,,,,,,,,,,,,,,,,,,,,,1610612747,LAL,Los Angeles,Dwight Howard,nan,nan,nan,16:38,4.0,4.0,1.0,0.0,0.0,0.0,0.0,2.0,0.0,5.0,2.0,7.0,1.0,0.0,0.0,2.0,2.0,8.0,-19.0,Center-Forward,0.08316204690831555,0.10142903801705985,1.9012105099453875
60,21900443,2730,"Howard, Dwight",Los Angeles Lakers,1610612747,LAL,made,1,"Davis, Anthony",203076,0.034,1,0,0,0,0.0,0,0,0.0,0,0,0.0,,,,,,,,,,,,,,,,,,,,,1610612747,LAL,Los Angeles,Dwight Howard,nan,nan,nan,16:38,4.0,4.0,1.0,0.0,0.0,0.0,0.0,2.0,0.0,5.0,2.0,7.0,1.0,0.0,0.0,2.0,2.0,8.0,-19.0,Center-Forward,0.08316204690831555,0.10142903801705985,-0.4846940074502801
61,21900443,2730,"Howard, Dwight",Los Angeles Lakers,1610612747,LAL,made,1,"Green, Danny",201980,0.034,1,0,0,0,0.0,0,0,0.0,0,0,0.0,,,,,,,,,,,,,,,,,,,,,1610612747,LAL,Los Angeles,Dwight Howard,nan,nan,nan,16:38,4.0,4.0,1.0,0.0,0.0,0.0,0.0,2.0,0.0,5.0,2.0,7.0,1.0,0.0,0.0,2.0,2.0,8.0,-19.0,Center-Forward,0.08316204690831555,0.10142903801705985,-0.4846940074502801
62,21900443,2730,"Howard, Dwight",Los Angeles Lakers,1610612747,LAL,made,1,"Rondo, Rajon",200765,0.103,3,0,0,0,0.0,0,0,0.0,0,0,0.0,,,,,,,,,,,,,,,,,,,,,1610612747,LAL,Los Angeles,Dwight Howard,nan,nan,nan,16:38,4.0,4.0,1.0,0.0,0.0,0.0,0.0,2.0,0.0,5.0,2.0,7.0,1.0,0.0,0.0,2.0,2.0,8.0,-19.0,Center-Forward,0.08316204690831555,0.10142903801705985,0.19558455329476554
63,21900443,200765,"Rondo, Rajon",Los Angeles Lakers,1610612747,LAL,made,1,"Kuzma, Kyle",1628398,0.014,1,0,0,0,0.0,0,0,0.0,0,0,0.0,,,,,,,,,,,,,,,,,,,,,1610612747,LAL,Los Angeles,Rajon Rondo,nan,G,nan,27:54:00,2.0,8.0,0.25,1.0,4.0,0.25,0.0,0.0,0.0,2.0,2.0,4.0,8.0,3.0,0.0,2.0,3.0,5.0,-7.0,Guard,0.07579927228623384,0.07772953644911912,-0.7950552017853207
64,21900443,200765,"Rondo, Rajon",Los Angeles Lakers,1610612747,LAL,made,1,"Caruso, Alex",1627936,0.07,5,0,0,0,0.0,0,0,0.0,0,0,0.0,,,,,,,,,,,,,,,,,,,,,1610612747,LAL,Los Angeles,Rajon Rondo,nan,G,nan,27:54:00,2.0,8.0,0.25,1.0,4.0,0.25,0.0,0.0,0.0,2.0,2.0,4.0,8.0,3.0,0.0,2.0,3.0,5.0,-7.0,Guard,0.07579927228623384,0.07772953644911912,-0.07460834775503872
65,21900443,200765,"Rondo, Rajon",Los Angeles Lakers,1610612747,LAL,made,1,"Daniels, Troy",203584,0.085,6,1,1,2,0.5,1,1,1.0,0,1,0.0,,,,,,,,,,,,,,,,,,,,,1610612747,LAL,Los Angeles,Rajon Rondo,nan,G,nan,27:54:00,2.0,8.0,0.25,1.0,4.0,0.25,0.0,0.0,0.0,2.0,2.0,4.0,8.0,3.0,0.0,2.0,3.0,5.0,-7.0,Guard,0.07579927228623384,0.07772953644911912,0.11836848814592965
66,21900443,200765,"Rondo, Rajon",Los Angeles Lakers,1610612747,LAL,made,1,"Caldwell-Pope, Kentavious",203484,0.014,1,1,1,1,1.0,0,0,0.0,1,1,1.0,,,,,,,,,,,,,,,,,,,,,1610612747,LAL,Los Angeles,Rajon Rondo,nan,G,nan,27:54:00,2.0,8.0,0.25,1.0,4.0,0.25,0.0,0.0,0.0,2.0,2.0,4.0,8.0,3.0,0.0,2.0,3.0,5.0,-7.0,Guard,0.07579927228623384,0.07772953644911912,-0.7950552017853207
67,21900443,200765,"Rondo, Rajon",Los Angeles Lakers,1610612747,LAL,made,1,"Davis, Anthony",203076,0.437,31,3,5,14,0.357,4,10,0.4,1,4,0.25,,,,,,,,,,,,,,,,,,,,,1610612747,LAL,Los Angeles,Rajon Rondo,nan,G,nan,27:54:00,2.0,8.0,0.25,1.0,4.0,0.25,0.0,0.0,0.0,2.0,2.0,4.0,8.0,3.0,0.0,2.0,3.0,5.0,-7.0,Guard,0.07579927228623384,0.07772953644911912,4.646891570621987
68,21900443,200765,"Rondo, Rajon",Los Angeles Lakers,1610612747,LAL,made,1,"Bradley, Avery",202340,0.197,14,1,1,5,0.2,0,2,0.0,1,3,0.333,,,,,,,,,,,,,,,,,,,,,1610612747,LAL,Los Angeles,Rajon Rondo,nan,G,nan,27:54:00,2.0,8.0,0.25,1.0,4.0,0.25,0.0,0.0,0.0,2.0,2.0,4.0,8.0,3.0,0.0,2.0,3.0,5.0,-7.0,Guard,0.07579927228623384,0.07772953644911912,1.5592621962064934
69,21900443,200765,"Rondo, Rajon",Los Angeles Lakers,1610612747,LAL,made,1,"Green, Danny",201980,0.113,8,1,1,4,0.25,0,0,0.0,1,4,0.25,,,,,,,,,,,,,,,,,,,,,1610612747,LAL,Los Angeles,Rajon Rondo,nan,G,nan,27:54:00,2.0,8.0,0.25,1.0,4.0,0.25,0.0,0.0,0.0,2.0,2.0,4.0,8.0,3.0,0.0,2.0,3.0,5.0,-7.0,Guard,0.07579927228623384,0.07772953644911912,0.4785919151610706
70,21900443,200765,"Rondo, Rajon",Los Angeles Lakers,1610612747,LAL,made,1,"McGee, JaVale",201580,0.056,4,1,2,2,1.0,2,2,1.0,0,0,0.0,,,,,,,,,,,,,,,,,,,,,1610612747,LAL,Los Angeles,Rajon Rondo,nan,G,nan,27:54:00,2.0,8.0,0.25,1.0,4.0,0.25,0.0,0.0,0.0,2.0,2.0,4.0,8.0,3.0,0.0,2.0,3.0,5.0,-7.0,Guard,0.07579927228623384,0.07772953644911912,-0.25472006126260927
71,21900443,200765,"Rondo, Rajon",Los Angeles Lakers,1610612747,LAL,made,1,"Howard, Dwight",2730,0.014,1,0,0,0,0.0,0,0,0.0,0,0,0.0,,,,,,,,,,,,,,,,,,,,,1610612747,LAL,Los Angeles,Rajon Rondo,nan,G,nan,27:54:00,2.0,8.0,0.25,1.0,4.0,0.25,0.0,0.0,0.0,2.0,2.0,4.0,8.0,3.0,0.0,2.0,3.0,5.0,-7.0,Guard,0.07579927228623384,0.07772953644911912,-0.7950552017853207
72,21900443,201162,"Dudley, Jared",Los Angeles Lakers,1610612747,LAL,made,1,"Horton-Tucker, Talen",1629659,0.2,1,0,0,0,0.0,0,0,0.0,0,0,0.0,,,,,,,,,,,,,,,,,,,,,1610612747,LAL,Los Angeles,Jared Dudley,nan,nan,nan,04:31,1.0,1.0,1.0,0.0,0.0,0.0,0.0,0.0,0.0,0.0,1.0,1.0,0.0,0.0,0.0,0.0,0.0,2.0,-4.0,Forward,0.08277631578947353,0.09808825939951168,1.1950837432345145
73,21900443,201162,"Dudley, Jared",Los Angeles Lakers,1610612747,LAL,made,1,"Cook, Quinn",1626188,0.6,3,0,0,0,0.0,0,0,0.0,0,0,0.0,,,,,,,,,,,,,,,,,,,,,1610612747,LAL,Los Angeles,Jared Dudley,nan,nan,nan,04:31,1.0,1.0,1.0,0.0,0.0,0.0,0.0,0.0,0.0,0.0,1.0,1.0,0.0,0.0,0.0,0.0,0.0,2.0,-4.0,Forward,0.08277631578947353,0.09808825939951168,5.273043760557355
74,21900443,201162,"Dudley, Jared",Los Angeles Lakers,1610612747,LAL,made,1,"Daniels, Troy",203584,0.2,1,0,0,0,0.0,0,0,0.0,0,0,0.0,,,,,,,,,,,,,,,,,,,,,1610612747,LAL,Los Angeles,Jared Dudley,nan,nan,nan,04:31,1.0,1.0,1.0,0.0,0.0,0.0,0.0,0.0,0.0,0.0,1.0,1.0,0.0,0.0,0.0,0.0,0.0,2.0,-4.0,Forward,0.08277631578947353,0.09808825939951168,1.1950837432345145
75,21900443,201580,"McGee, JaVale",Los Angeles Lakers,1610612747,LAL,made,1,"Horton-Tucker, Talen",1629659,0.053,1,0,0,0,0.0,0,0,0.0,0,0,0.0,,,,,,,,,,,,,,,,,,,,,1610612747,LAL,Los Angeles,JaVale McGee,nan,C,nan,18:29,3.0,6.0,0.5,1.0,1.0,1.0,0.0,1.0,0.0,2.0,3.0,5.0,1.0,0.0,2.0,1.0,4.0,7.0,-7.0,Center-Forward,0.08316204690831555,0.10142903801705985,-0.29737092550599215
76,21900443,201580,"McGee, JaVale",Los Angeles Lakers,1610612747,LAL,made,1,"Kuzma, Kyle",1628398,0.053,1,0,1,1,1.0,1,1,1.0,0,0,0.0,,,,,,,,,,,,,,,,,,,,,1610612747,LAL,Los Angeles,JaVale McGee,nan,C,nan,18:29,3.0,6.0,0.5,1.0,1.0,1.0,0.0,1.0,0.0,2.0,3.0,5.0,1.0,0.0,2.0,1.0,4.0,7.0,-7.0,Center-Forward,0.08316204690831555,0.10142903801705985,-0.29737092550599215
77,21900443,201580,"McGee, JaVale",Los Angeles Lakers,1610612747,LAL,made,1,"Cook, Quinn",1626188,0.053,1,0,0,0,0.0,0,0,0.0,0,0,0.0,,,,,,,,,,,,,,,,,,,,,1610612747,LAL,Los Angeles,JaVale McGee,nan,C,nan,18:29,3.0,6.0,0.5,1.0,1.0,1.0,0.0,1.0,0.0,2.0,3.0,5.0,1.0,0.0,2.0,1.0,4.0,7.0,-7.0,Center-Forward,0.08316204690831555,0.10142903801705985,-0.29737092550599215
78,21900443,201580,"McGee, JaVale",Los Angeles Lakers,1610612747,LAL,made,1,"Daniels, Troy",203584,0.053,1,1,1,1,1.0,1,1,1.0,0,0,0.0,,,,,,,,,,,,,,,,,,,,,1610612747,LAL,Los Angeles,JaVale McGee,nan,C,nan,18:29,3.0,6.0,0.5,1.0,1.0,1.0,0.0,1.0,0.0,2.0,3.0,5.0,1.0,0.0,2.0,1.0,4.0,7.0,-7.0,Center-Forward,0.08316204690831555,0.10142903801705985,-0.29737092550599215
79,21900443,201580,"McGee, JaVale",Los Angeles Lakers,1610612747,LAL,made,1,"Bradley, Avery",202340,0.053,1,0,0,0,0.0,0,0,0.0,0,0,0.0,,,,,,,,,,,,,,,,,,,,,1610612747,LAL,Los Angeles,JaVale McGee,nan,C,nan,18:29,3.0,6.0,0.5,1.0,1.0,1.0,0.0,1.0,0.0,2.0,3.0,5.0,1.0,0.0,2.0,1.0,4.0,7.0,-7.0,Center-Forward,0.08316204690831555,0.10142903801705985,-0.29737092550599215
80,21900443,201580,"McGee, JaVale",Los Angeles Lakers,1610612747,LAL,made,1,"Green, Danny",201980,0.211,4,0,0,0,0.0,0,0,0.0,0,0,0.0,,,,,,,,,,,,,,,,,,,,,1610612747,LAL,Los Angeles,JaVale McGee,nan,C,nan,18:29,3.0,6.0,0.5,1.0,1.0,1.0,0.0,1.0,0.0,2.0,3.0,5.0,1.0,0.0,2.0,1.0,4.0,7.0,-7.0,Center-Forward,0.08316204690831555,0.10142903801705985,1.2603683875044023
81,21900443,201580,"McGee, JaVale",Los Angeles Lakers,1610612747,LAL,made,1,"Rondo, Rajon",200765,0.526,10,0,0,1,0.0,0,0,0.0,0,1,0.0,,,,,,,,,,,,,,,,,,,,,1610612747,LAL,Los Angeles,JaVale McGee,nan,C,nan,18:29,3.0,6.0,0.5,1.0,1.0,1.0,0.0,1.0,0.0,2.0,3.0,5.0,1.0,0.0,2.0,1.0,4.0,7.0,-7.0,Center-Forward,0.08316204690831555,0.10142903801705985,4.3659879039491765
82,21900443,201980,"Green, Danny",Los Angeles Lakers,1610612747,LAL,made,1,"Davis, Anthony",203076,0.211,4,0,2,2,1.0,2,2,1.0,0,0,0.0,,,,,,,,,,,,,,,,,,,,,1610612747,LAL,Los Angeles,Danny Green,nan,F,nan,18:08,1.0,4.0,0.25,1.0,3.0,0.333,2.0,3.0,0.667,1.0,3.0,4.0,2.0,0.0,0.0,2.0,2.0,5.0,-4.0,Guard,0.07579927228623384,0.07772953644911912,1.739373909714064
83,21900443,201980,"Green, Danny",Los Angeles Lakers,1610612747,LAL,made,1,"Bradley, Avery",202340,0.211,4,1,1,2,0.5,0,0,0.0,1,2,0.5,,,,,,,,,,,,,,,,,,,,,1610612747,LAL,Los Angeles,Danny Green,nan,F,nan,18:08,1.0,4.0,0.25,1.0,3.0,0.333,2.0,3.0,0.667,1.0,3.0,4.0,2.0,0.0,0.0,2.0,2.0,5.0,-4.0,Guard,0.07579927228623384,0.07772953644911912,1.739373909714064
84,21900443,201980,"Green, Danny",Los Angeles Lakers,1610612747,LAL,made,1,"McGee, JaVale",201580,0.053,1,0,0,0,0.0,0,0,0.0,0,0,0.0,,,,,,,,,,,,,,,,,,,,,1610612747,LAL,Los Angeles,Danny Green,nan,F,nan,18:08,1.0,4.0,0.25,1.0,3.0,0.333,2.0,3.0,0.667,1.0,3.0,4.0,2.0,0.0,0.0,2.0,2.0,5.0,-4.0,Guard,0.07579927228623384,0.07772953644911912,-0.29331542844280295
85,21900443,201980,"Green, Danny",Los Angeles Lakers,1610612747,LAL,made,1,"Rondo, Rajon",200765,0.526,10,1,1,2,0.5,0,0,0.0,1,2,0.5,,,,,,,,,,,,,,,,,,,,,1610612747,LAL,Los Angeles,Danny Green,nan,F,nan,18:08,1.0,4.0,0.25,1.0,3.0,0.333,2.0,3.0,0.667,1.0,3.0,4.0,2.0,0.0,0.0,2.0,2.0,5.0,-4.0,Guard,0.07579927228623384,0.07772953644911912,5.7918874636344
86,21900443,203076,"Davis, Anthony",Los Angeles Lakers,1610612747,LAL,made,1,"Kuzma, Kyle",1628398,0.065,3,1,1,1,1.0,1,1,1.0,0,0,0.0,,,,,,,,,,,,,,,,,,,,,1610612747,LAL,Los Angeles,Anthony Davis,nan,F,nan,33:40:00,13.0,23.0,0.565,1.0,4.0,0.25,5.0,6.0,0.833,5.0,6.0,11.0,1.0,0.0,4.0,5.0,4.0,32.0,-13.0,Forward-Center,0.07763774733637752,0.10299718638018637,-0.12269992783811272
87,21900443,203076,"Davis, Anthony",Los Angeles Lakers,1610612747,LAL,made,1,"Caruso, Alex",1627936,0.087,4,0,0,0,0.0,0,0,0.0,0,0,0.0,,,,,,,,,,,,,,,,,,,,,1610612747,LAL,Los Angeles,Anthony Davis,nan,F,nan,33:40:00,13.0,23.0,0.565,1.0,4.0,0.25,5.0,6.0,0.833,5.0,6.0,11.0,1.0,0.0,4.0,5.0,4.0,32.0,-13.0,Forward-Center,0.07763774733637752,0.10299718638018637,0.09089813996534084
88,21900443,203076,"Davis, Anthony",Los Angeles Lakers,1610612747,LAL,made,1,"Daniels, Troy",203584,0.022,1,0,0,0,0.0,0,0,0.0,0,0,0.0,,,,,,,,,,,,,,,,,,,,,1610612747,LAL,Los Angeles,Anthony Davis,nan,F,nan,33:40:00,13.0,23.0,0.565,1.0,4.0,0.25,5.0,6.0,0.833,5.0,6.0,11.0,1.0,0.0,4.0,5.0,4.0,32.0,-13.0,Forward-Center,0.07763774733637752,0.10299718638018637,-0.5401870603630449
89,21900443,203076,"Davis, Anthony",Los Angeles Lakers,1610612747,LAL,made,1,"Caldwell-Pope, Kentavious",203484,0.065,3,0,0,0,0.0,0,0,0.0,0,0,0.0,,,,,,,,,,,,,,,,,,,,,1610612747,LAL,Los Angeles,Anthony Davis,nan,F,nan,33:40:00,13.0,23.0,0.565,1.0,4.0,0.25,5.0,6.0,0.833,5.0,6.0,11.0,1.0,0.0,4.0,5.0,4.0,32.0,-13.0,Forward-Center,0.07763774733637752,0.10299718638018637,-0.12269992783811272
90,21900443,203076,"Davis, Anthony",Los Angeles Lakers,1610612747,LAL,made,1,"Bradley, Avery",202340,0.087,4,0,0,1,0.0,0,1,0.0,0,0,0.0,,,,,,,,,,,,,,,,,,,,,1610612747,LAL,Los Angeles,Anthony Davis,nan,F,nan,33:40:00,13.0,23.0,0.565,1.0,4.0,0.25,5.0,6.0,0.833,5.0,6.0,11.0,1.0,0.0,4.0,5.0,4.0,32.0,-13.0,Forward-Center,0.07763774733637752,0.10299718638018637,0.09089813996534084
91,21900443,203076,"Davis, Anthony",Los Angeles Lakers,1610612747,LAL,made,1,"Green, Danny",201980,0.065,3,0,0,0,0.0,0,0,0.0,0,0,0.0,,,,,,,,,,,,,,,,,,,,,1610612747,LAL,Los Angeles,Anthony Davis,nan,F,nan,33:40:00,13.0,23.0,0.565,1.0,4.0,0.25,5.0,6.0,0.833,5.0,6.0,11.0,1.0,0.0,4.0,5.0,4.0,32.0,-13.0,Forward-Center,0.07763774733637752,0.10299718638018637,-0.12269992783811272
92,21900443,203076,"Davis, Anthony",Los Angeles Lakers,1610612747,LAL,made,1,"Rondo, Rajon",200765,0.609,28,0,0,1,0.0,0,0,0.0,0,1,0.0,,,,,,,,,,,,,,,,,,,,,1610612747,LAL,Los Angeles,Anthony Davis,nan,F,nan,33:40:00,13.0,23.0,0.565,1.0,4.0,0.25,5.0,6.0,0.833,5.0,6.0,11.0,1.0,0.0,4.0,5.0,4.0,32.0,-13.0,Forward-Center,0.07763774733637752,0.10299718638018637,5.158997748756377
93,21900443,203484,"Caldwell-Pope, Kentavious",Los Angeles Lakers,1610612747,LAL,made,1,"Kuzma, Kyle",1628398,0.273,6,1,2,5,0.4,2,3,0.667,0,2,0.0,,,,,,,,,,,,,,,,,,,,,1610612747,LAL,Los Angeles,Kentavious Caldwell-Pope,nan,nan,nan,25:06:00,2.0,4.0,0.5,2.0,3.0,0.667,0.0,0.0,0.0,0.0,3.0,3.0,2.0,1.0,0.0,2.0,3.0,6.0,-12.0,Guard,0.07579927228623384,0.07772953644911912,2.5370114981047336
94,21900443,203484,"Caldwell-Pope, Kentavious",Los Angeles Lakers,1610612747,LAL,made,1,"Caruso, Alex",1627936,0.227,5,0,0,0,0.0,0,0,0.0,0,0,0.0,,,,,,,,,,,,,,,,,,,,,1610612747,LAL,Los Angeles,Kentavious Caldwell-Pope,nan,nan,nan,25:06:00,2.0,4.0,0.5,2.0,3.0,0.667,0.0,0.0,0.0,0.0,3.0,3.0,2.0,1.0,0.0,2.0,3.0,6.0,-12.0,Guard,0.07579927228623384,0.07772953644911912,1.9452158680084302
95,21900443,203484,"Caldwell-Pope, Kentavious",Los Angeles Lakers,1610612747,LAL,made,1,"Cook, Quinn",1626188,0.091,2,0,0,0,0.0,0,0,0.0,0,0,0.0,,,,,,,,,,,,,,,,,,,,,1610612747,LAL,Los Angeles,Kentavious Caldwell-Pope,nan,nan,nan,25:06:00,2.0,4.0,0.5,2.0,3.0,0.667,0.0,0.0,0.0,0.0,3.0,3.0,2.0,1.0,0.0,2.0,3.0,6.0,-12.0,Guard,0.07579927228623384,0.07772953644911912,0.19555922250631688
96,21900443,203484,"Caldwell-Pope, Kentavious",Los Angeles Lakers,1610612747,LAL,made,1,"Daniels, Troy",203584,0.045,1,1,1,1,1.0,0,0,0.0,1,1,1.0,,,,,,,,,,,,,,,,,,,,,1610612747,LAL,Los Angeles,Kentavious Caldwell-Pope,nan,nan,nan,25:06:00,2.0,4.0,0.5,2.0,3.0,0.667,0.0,0.0,0.0,0.0,3.0,3.0,2.0,1.0,0.0,2.0,3.0,6.0,-12.0,Guard,0.07579927228623384,0.07772953644911912,-0.39623640758998613
97,21900443,203484,"Caldwell-Pope, Kentavious",Los Angeles Lakers,1610612747,LAL,made,1,"Davis, Anthony",203076,0.091,2,0,0,0,0.0,0,0,0.0,0,0,0.0,,,,,,,,,,,,,,,,,,,,,1610612747,LAL,Los Angeles,Kentavious Caldwell-Pope,nan,nan,nan,25:06:00,2.0,4.0,0.5,2.0,3.0,0.667,0.0,0.0,0.0,0.0,3.0,3.0,2.0,1.0,0.0,2.0,3.0,6.0,-12.0,Guard,0.07579927228623384,0.07772953644911912,0.19555922250631688
98,21900443,203484,"Caldwell-Pope, Kentavious",Los Angeles Lakers,1610612747,LAL,made,1,"Rondo, Rajon",200765,0.182,4,0,0,0,0.0,0,0,0.0,0,0,0.0,,,,,,,,,,,,,,,,,,,,,1610612747,LAL,Los Angeles,Kentavious Caldwell-Pope,nan,nan,nan,25:06:00,2.0,4.0,0.5,2.0,3.0,0.667,0.0,0.0,0.0,0.0,3.0,3.0,2.0,1.0,0.0,2.0,3.0,6.0,-12.0,Guard,0.07579927228623384,0.07772953644911912,1.366285360305525
99,21900443,203484,"Caldwell-Pope, Kentavious",Los Angeles Lakers,1610612747,LAL,made,1,"Howard, Dwight",2730,0.091,2,0,0,0,0.0,0,0,0.0,0,0,0.0,,,,,,,,,,,,,,,,,,,,,1610612747,LAL,Los Angeles,Kentavious Caldwell-Pope,nan,nan,nan,25:06:00,2.0,4.0,0.5,2.0,3.0,0.667,0.0,0.0,0.0,0.0,3.0,3.0,2.0,1.0,0.0,2.0,3.0,6.0,-12.0,Guard,0.07579927228623384,0.07772953644911912,0.19555922250631688
100,21900443,203584,"Daniels, Troy",Los Angeles Lakers,1610612747,LAL,made,1,"Horton-Tucker, Talen",1629659,0.111,1,0,0,0,0.0,0,0,0.0,0,0,0.0,,,,,,,,,,,,,,,,,,,,,1610612747,LAL,Los Angeles,Troy Daniels,nan,nan,nan,10:00,3.0,4.0,0.75,1.0,2.0,0.5,0.0,0.0,0.0,0.0,0.0,0.0,0.0,0.0,0.0,0.0,2.0,7.0,-4.0,Guard,0.07579927228623384,0.07772953644911912,0.45286167037427477
101,21900443,203584,"Daniels, Troy",Los Angeles Lakers,1610612747,LAL,made,1,"Kuzma, Kyle",1628398,0.333,3,0,0,1,0.0,0,1,0.0,0,0,0.0,,,,,,,,,,,,,,,,,,,,,1610612747,LAL,Los Angeles,Troy Daniels,nan,nan,nan,10:00,3.0,4.0,0.75,1.0,2.0,0.5,0.0,0.0,0.0,0.0,0.0,0.0,0.0,0.0,0.0,0.0,2.0,7.0,-4.0,Guard,0.07579927228623384,0.07772953644911912,3.308918841708607
102,21900443,203584,"Daniels, Troy",Los Angeles Lakers,1610612747,LAL,made,1,"Caruso, Alex",1627936,0.111,1,0,0,0,0.0,0,0,0.0,0,0,0.0,,,,,,,,,,,,,,,,,,,,,1610612747,LAL,Los Angeles,Troy Daniels,nan,nan,nan,10:00,3.0,4.0,0.75,1.0,2.0,0.5,0.0,0.0,0.0,0.0,0.0,0.0,0.0,0.0,0.0,0.0,2.0,7.0,-4.0,Guard,0.07579927228623384,0.07772953644911912,0.45286167037427477
103,21900443,203584,"Daniels, Troy",Los Angeles Lakers,1610612747,LAL,made,1,"Davis, Anthony",203076,0.111,1,0,0,0,0.0,0,0,0.0,0,0,0.0,,,,,,,,,,,,,,,,,,,,,1610612747,LAL,Los Angeles,Troy Daniels,nan,nan,nan,10:00,3.0,4.0,0.75,1.0,2.0,0.5,0.0,0.0,0.0,0.0,0.0,0.0,0.0,0.0,0.0,0.0,2.0,7.0,-4.0,Guard,0.07579927228623384,0.07772953644911912,0.45286167037427477
104,21900443,203584,"Daniels, Troy",Los Angeles Lakers,1610612747,LAL,made,1,"McGee, JaVale",201580,0.111,1,0,0,1,0.0,0,1,0.0,0,0,0.0,,,,,,,,,,,,,,,,,,,,,1610612747,LAL,Los Angeles,Troy Daniels,nan,nan,nan,10:00,3.0,4.0,0.75,1.0,2.0,0.5,0.0,0.0,0.0,0.0,0.0,0.0,0.0,0.0,0.0,0.0,2.0,7.0,-4.0,Guard,0.07579927228623384,0.07772953644911912,0.45286167037427477
105,21900443,203584,"Daniels, Troy",Los Angeles Lakers,1610612747,LAL,made,1,"Rondo, Rajon",200765,0.222,2,0,0,0,0.0,0,0,0.0,0,0,0.0,,,,,,,,,,,,,,,,,,,,,1610612747,LAL,Los Angeles,Troy Daniels,nan,nan,nan,10:00,3.0,4.0,0.75,1.0,2.0,0.5,0.0,0.0,0.0,0.0,0.0,0.0,0.0,0.0,0.0,0.0,2.0,7.0,-4.0,Guard,0.07579927228623384,0.07772953644911912,1.8808902560414407
106,21900443,1626188,"Cook, Quinn",Los Angeles Lakers,1610612747,LAL,made,1,"Kuzma, Kyle",1628398,0.391,9,1,1,2,0.5,0,1,0.0,1,1,1.0,,,,,,,,,,,,,,,,,,,,,1610612747,LAL,Los Angeles,Quinn Cook,nan,nan,nan,17:26,1.0,5.0,0.2,0.0,2.0,0.0,0.0,0.0,0.0,0.0,2.0,2.0,1.0,0.0,0.0,3.0,2.0,2.0,-7.0,Guard,0.07579927228623384,0.07772953644911912,4.055095940525685
107,21900443,1626188,"Cook, Quinn",Los Angeles Lakers,1610612747,LAL,made,1,"Caruso, Alex",1627936,0.043,1,0,0,0,0.0,0,0,0.0,0,0,0.0,,,,,,,,,,,,,,,,,,,,,1610612747,LAL,Los Angeles,Quinn Cook,nan,nan,nan,17:26,1.0,5.0,0.2,0.0,2.0,0.0,0.0,0.0,0.0,0.0,2.0,2.0,1.0,0.0,0.0,3.0,2.0,2.0,-7.0,Guard,0.07579927228623384,0.07772953644911912,-0.42196665237678194
108,21900443,1626188,"Cook, Quinn",Los Angeles Lakers,1610612747,LAL,made,1,"Caldwell-Pope, Kentavious",203484,0.087,2,0,0,1,0.0,0,0,0.0,0,1,0.0,,,,,,,,,,,,,,,,,,,,,1610612747,LAL,Los Angeles,Quinn Cook,nan,nan,nan,17:26,1.0,5.0,0.2,0.0,2.0,0.0,0.0,0.0,0.0,0.0,2.0,2.0,1.0,0.0,0.0,3.0,2.0,2.0,-7.0,Guard,0.07579927228623384,0.07772953644911912,0.14409873293272527
109,21900443,1626188,"Cook, Quinn",Los Angeles Lakers,1610612747,LAL,made,1,"Davis, Anthony",203076,0.087,2,0,0,1,0.0,0,1,0.0,0,0,0.0,,,,,,,,,,,,,,,,,,,,,1610612747,LAL,Los Angeles,Quinn Cook,nan,nan,nan,17:26,1.0,5.0,0.2,0.0,2.0,0.0,0.0,0.0,0.0,0.0,2.0,2.0,1.0,0.0,0.0,3.0,2.0,2.0,-7.0,Guard,0.07579927228623384,0.07772953644911912,0.14409873293272527
110,21900443,1626188,"Cook, Quinn",Los Angeles Lakers,1610612747,LAL,made,1,"McGee, JaVale",201580,0.174,4,0,1,2,0.5,0,1,0.0,1,1,1.0,,,,,,,,,,,,,,,,,,,,,1610612747,LAL,Los Angeles,Quinn Cook,nan,nan,nan,17:26,1.0,5.0,0.2,0.0,2.0,0.0,0.0,0.0,0.0,0.0,2.0,2.0,1.0,0.0,0.0,3.0,2.0,2.0,-7.0,Guard,0.07579927228623384,0.07772953644911912,1.2633643811583417
111,21900443,1626188,"Cook, Quinn",Los Angeles Lakers,1610612747,LAL,made,1,"Howard, Dwight",2730,0.217,5,0,1,1,1.0,1,1,1.0,0,0,0.0,,,,,,,,,,,,,,,,,,,,,1610612747,LAL,Los Angeles,Quinn Cook,nan,nan,nan,17:26,1.0,5.0,0.2,0.0,2.0,0.0,0.0,0.0,0.0,0.0,2.0,2.0,1.0,0.0,0.0,3.0,2.0,2.0,-7.0,Guard,0.07579927228623384,0.07772953644911912,1.8165646440744512
112,21900443,1627936,"Caruso, Alex",Los Angeles Lakers,1610612747,LAL,made,1,"Kuzma, Kyle",1628398,0.179,5,0,0,1,0.0,0,0,0.0,0,1,0.0,,,,,,,,,,,,,,,,,,,,,1610612747,LAL,Los Angeles,Alex Caruso,nan,nan,nan,22:27,0.0,1.0,0.0,0.0,1.0,0.0,8.0,8.0,1.0,0.0,2.0,2.0,0.0,1.0,1.0,0.0,0.0,8.0,-14.0,Guard,0.07579927228623384,0.07772953644911912,1.3276899931253312
113,21900443,1627936,"Caruso, Alex",Los Angeles Lakers,1610612747,LAL,made,1,"Cook, Quinn",1626188,0.143,4,0,0,1,0.0,0,0,0.0,0,1,0.0,,,,,,,,,,,,,,,,,,,,,1610612747,LAL,Los Angeles,Alex Caruso,nan,nan,nan,22:27,0.0,1.0,0.0,0.0,1.0,0.0,8.0,8.0,1.0,0.0,2.0,2.0,0.0,1.0,1.0,0.0,0.0,8.0,-14.0,Guard,0.07579927228623384,0.07772953644911912,0.8645455869630071
114,21900443,1627936,"Caruso, Alex",Los Angeles Lakers,1610612747,LAL,made,1,"Caldwell-Pope, Kentavious",203484,0.071,2,0,0,0,0.0,0,0,0.0,0,0,0.0,,,,,,,,,,,,,,,,,,,,,1610612747,LAL,Los Angeles,Alex Caruso,nan,nan,nan,22:27,0.0,1.0,0.0,0.0,1.0,0.0,8.0,8.0,1.0,0.0,2.0,2.0,0.0,1.0,1.0,0.0,0.0,8.0,-14.0,Guard,0.07579927228623384,0.07772953644911912,-0.061743225361640994
115,21900443,1627936,"Caruso, Alex",Los Angeles Lakers,1610612747,LAL,made,1,"Davis, Anthony",203076,0.286,8,0,1,2,0.5,1,2,0.5,0,0,0.0,,,,,,,,,,,,,,,,,,,,,1610612747,LAL,Los Angeles,Alex Caruso,nan,nan,nan,22:27,0.0,1.0,0.0,0.0,1.0,0.0,8.0,8.0,1.0,0.0,2.0,2.0,0.0,1.0,1.0,0.0,0.0,8.0,-14.0,Guard,0.07579927228623384,0.07772953644911912,2.7042580892189054
116,21900443,1627936,"Caruso, Alex",Los Angeles Lakers,1610612747,LAL,made,1,"Rondo, Rajon",200765,0.143,4,0,0,0,0.0,0,0,0.0,0,0,0.0,,,,,,,,,,,,,,,,,,,,,1610612747,LAL,Los Angeles,Alex Caruso,nan,nan,nan,22:27,0.0,1.0,0.0,0.0,1.0,0.0,8.0,8.0,1.0,0.0,2.0,2.0,0.0,1.0,1.0,0.0,0.0,8.0,-14.0,Guard,0.07579927228623384,0.07772953644911912,0.8645455869630071
117,21900443,1627936,"Caruso, Alex",Los Angeles Lakers,1610612747,LAL,made,1,"Howard, Dwight",2730,0.179,5,0,0,0,0.0,0,0,0.0,0,0,0.0,,,,,,,,,,,,,,,,,,,,,1610612747,LAL,Los Angeles,Alex Caruso,nan,nan,nan,22:27,0.0,1.0,0.0,0.0,1.0,0.0,8.0,8.0,1.0,0.0,2.0,2.0,0.0,1.0,1.0,0.0,0.0,8.0,-14.0,Guard,0.07579927228623384,0.07772953644911912,1.3276899931253312
118,21900443,1628398,"Kuzma, Kyle",Los Angeles Lakers,1610612747,LAL,made,1,"Caruso, Alex",1627936,0.2,5,0,0,1,0.0,0,0,0.0,0,1,0.0,,,,,,,,,,,,,,,,,,,,,1610612747,LAL,Los Angeles,Kyle Kuzma,nan,nan,nan,21:48,7.0,15.0,0.467,1.0,4.0,0.25,1.0,2.0,0.5,2.0,2.0,4.0,0.0,1.0,2.0,2.0,1.0,16.0,-16.0,Forward,0.08277631578947353,0.09808825939951168,1.1950837432345145
119,21900443,1628398,"Kuzma, Kyle",Los Angeles Lakers,1610612747,LAL,made,1,"Cook, Quinn",1626188,0.24,6,0,0,0,0.0,0,0,0.0,0,0,0.0,,,,,,,,,,,,,,,,,,,,,1610612747,LAL,Los Angeles,Kyle Kuzma,nan,nan,nan,21:48,7.0,15.0,0.467,1.0,4.0,0.25,1.0,2.0,0.5,2.0,2.0,4.0,0.0,1.0,2.0,2.0,1.0,16.0,-16.0,Forward,0.08277631578947353,0.09808825939951168,1.6028797449667984
120,21900443,1628398,"Kuzma, Kyle",Los Angeles Lakers,1610612747,LAL,made,1,"Daniels, Troy",203584,0.08,2,0,0,0,0.0,0,0,0.0,0,0,0.0,,,,,,,,,,,,,,,,,,,,,1610612747,LAL,Los Angeles,Kyle Kuzma,nan,nan,nan,21:48,7.0,15.0,0.467,1.0,4.0,0.25,1.0,2.0,0.5,2.0,2.0,4.0,0.0,1.0,2.0,2.0,1.0,16.0,-16.0,Forward,0.08277631578947353,0.09808825939951168,-0.02830426196233788
121,21900443,1628398,"Kuzma, Kyle",Los Angeles Lakers,1610612747,LAL,made,1,"Caldwell-Pope, Kentavious",203484,0.16,4,0,0,1,0.0,0,1,0.0,0,0,0.0,,,,,,,,,,,,,,,,,,,,,1610612747,LAL,Los Angeles,Kyle Kuzma,nan,nan,nan,21:48,7.0,15.0,0.467,1.0,4.0,0.25,1.0,2.0,0.5,2.0,2.0,4.0,0.0,1.0,2.0,2.0,1.0,16.0,-16.0,Forward,0.08277631578947353,0.09808825939951168,0.7872877415022304
122,21900443,1628398,"Kuzma, Kyle",Los Angeles Lakers,1610612747,LAL,made,1,"Davis, Anthony",203076,0.12,3,0,1,1,1.0,1,1,1.0,0,0,0.0,,,,,,,,,,,,,,,,,,,,,1610612747,LAL,Los Angeles,Kyle Kuzma,nan,nan,nan,21:48,7.0,15.0,0.467,1.0,4.0,0.25,1.0,2.0,0.5,2.0,2.0,4.0,0.0,1.0,2.0,2.0,1.0,16.0,-16.0,Forward,0.08277631578947353,0.09808825939951168,0.37949173976994616
123,21900443,1628398,"Kuzma, Kyle",Los Angeles Lakers,1610612747,LAL,made,1,"McGee, JaVale",201580,0.04,1,0,0,0,0.0,0,0,0.0,0,0,0.0,,,,,,,,,,,,,,,,,,,,,1610612747,LAL,Los Angeles,Kyle Kuzma,nan,nan,nan,21:48,7.0,15.0,0.467,1.0,4.0,0.25,1.0,2.0,0.5,2.0,2.0,4.0,0.0,1.0,2.0,2.0,1.0,16.0,-16.0,Forward,0.08277631578947353,0.09808825939951168,-0.436100263694622
124,21900443,1628398,"Kuzma, Kyle",Los Angeles Lakers,1610612747,LAL,made,1,"Rondo, Rajon",200765,0.04,1,0,0,0,0.0,0,0,0.0,0,0,0.0,,,,,,,,,,,,,,,,,,,,,1610612747,LAL,Los Angeles,Kyle Kuzma,nan,nan,nan,21:48,7.0,15.0,0.467,1.0,4.0,0.25,1.0,2.0,0.5,2.0,2.0,4.0,0.0,1.0,2.0,2.0,1.0,16.0,-16.0,Forward,0.08277631578947353,0.09808825939951168,-0.436100263694622
125,21900443,1628398,"Kuzma, Kyle",Los Angeles Lakers,1610612747,LAL,made,1,"Howard, Dwight",2730,0.12,3,0,0,1,0.0,0,1,0.0,0,0,0.0,,,,,,,,,,,,,,,,,,,,,1610612747,LAL,Los Angeles,Kyle Kuzma,nan,nan,nan,21:48,7.0,15.0,0.467,1.0,4.0,0.25,1.0,2.0,0.5,2.0,2.0,4.0,0.0,1.0,2.0,2.0,1.0,16.0,-16.0,Forward,0.08277631578947353,0.09808825939951168,0.37949173976994616
126,21901296,2544,"James, LeBron",Los Angeles Lakers,1610612747,LAL,made,1,"Horton-Tucker, Talen",1629659,0.072,5,0,0,0,0.0,0,0,0.0,0,0,0.0,,,,,,,,,,,,,,,,,,,,,1610612747,LAL,Los Angeles,LeBron James,nan,F,nan,38:06:00,9.0,21.0,0.429,5.0,11.0,0.455,6.0,10.0,0.6,0.0,1.0,1.0,12.0,0.0,2.0,5.0,0.0,29.0,-10.0,Forward,0.08277631578947353,0.09808825939951168,-0.10986346230879478
127,21901296,2544,"James, LeBron",Los Angeles Lakers,1610612747,LAL,made,1,"Kuzma, Kyle",1628398,0.159,11,4,5,6,0.833,4,5,0.8,1,1,1.0,,,,,,,,,,,,,,,,,,,,,1610612747,LAL,Los Angeles,LeBron James,nan,F,nan,38:06:00,9.0,21.0,0.429,5.0,11.0,0.455,6.0,10.0,0.6,0.0,1.0,1.0,12.0,0.0,2.0,5.0,0.0,29.0,-10.0,Forward,0.08277631578947353,0.09808825939951168,0.7770928414589232
128,21901296,2544,"James, LeBron",Los Angeles Lakers,1610612747,LAL,made,1,"Caruso, Alex",1627936,0.087,6,0,0,1,0.0,0,1,0.0,0,0,0.0,,,,,,,,,,,,,,,,,,,,,1610612747,LAL,Los Angeles,LeBron James,nan,F,nan,38:06:00,9.0,21.0,0.429,5.0,11.0,0.455,6.0,10.0,0.6,0.0,1.0,1.0,12.0,0.0,2.0,5.0,0.0,29.0,-10.0,Forward,0.08277631578947353,0.09808825939951168,0.04306003834081176
129,21901296,2544,"James, LeBron",Los Angeles Lakers,1610612747,LAL,made,1,"Waiters, Dion",203079,0.116,8,1,1,3,0.333,1,2,0.5,0,1,0.0,,,,,,,,,,,,,,,,,,,,,1610612747,LAL,Los Angeles,LeBron James,nan,F,nan,38:06:00,9.0,21.0,0.429,5.0,11.0,0.455,6.0,10.0,0.6,0.0,1.0,1.0,12.0,0.0,2.0,5.0,0.0,29.0,-10.0,Forward,0.08277631578947353,0.09808825939951168,0.33871213959671786
130,21901296,2544,"James, LeBron",Los Angeles Lakers,1610612747,LAL,made,1,"Davis, Anthony",203076,0.217,15,4,5,7,0.714,5,6,0.833,0,1,0.0,,,,,,,,,,,,,,,,,,,,,1610612747,LAL,Los Angeles,LeBron James,nan,F,nan,38:06:00,9.0,21.0,0.429,5.0,11.0,0.455,6.0,10.0,0.6,0.0,1.0,1.0,12.0,0.0,2.0,5.0,0.0,29.0,-10.0,Forward,0.08277631578947353,0.09808825939951168,1.3683970439707351
131,21901296,2544,"James, LeBron",Los Angeles Lakers,1610612747,LAL,made,1,"Morris, Markieff",202693,0.029,2,0,0,1,0.0,0,0,0.0,0,1,0.0,,,,,,,,,,,,,,,,,,,,,1610612747,LAL,Los Angeles,LeBron James,nan,F,nan,38:06:00,9.0,21.0,0.429,5.0,11.0,0.455,6.0,10.0,0.6,0.0,1.0,1.0,12.0,0.0,2.0,5.0,0.0,29.0,-10.0,Forward,0.08277631578947353,0.09808825939951168,-0.5482441641710002
132,21901296,2544,"James, LeBron",Los Angeles Lakers,1610612747,LAL,made,1,"Green, Danny",201980,0.275,19,3,3,6,0.5,0,2,0.0,3,4,0.75,,,,,,,,,,,,,,,,,,,,,1610612747,LAL,Los Angeles,LeBron James,nan,F,nan,38:06:00,9.0,21.0,0.429,5.0,11.0,0.455,6.0,10.0,0.6,0.0,1.0,1.0,12.0,0.0,2.0,5.0,0.0,29.0,-10.0,Forward,0.08277631578947353,0.09808825939951168,1.9597012464825474
133,21901296,2544,"James, LeBron",Los Angeles Lakers,1610612747,LAL,made,1,"McGee, JaVale",201580,0.014,1,0,0,0,0.0,0,0,0.0,0,0,0.0,,,,,,,,,,,,,,,,,,,,,1610612747,LAL,Los Angeles,LeBron James,nan,F,nan,38:06:00,9.0,21.0,0.429,5.0,11.0,0.455,6.0,10.0,0.6,0.0,1.0,1.0,12.0,0.0,2.0,5.0,0.0,29.0,-10.0,Forward,0.08277631578947353,0.09808825939951168,-0.7011676648206067
134,21901296,2544,"James, LeBron",Los Angeles Lakers,1610612747,LAL,made,1,"Howard, Dwight",2730,0.029,2,0,0,1,0.0,0,1,0.0,0,0,0.0,,,,,,,,,,,,,,,,,,,,,1610612747,LAL,Los Angeles,LeBron James,nan,F,nan,38:06:00,9.0,21.0,0.429,5.0,11.0,0.455,6.0,10.0,0.6,0.0,1.0,1.0,12.0,0.0,2.0,5.0,0.0,29.0,-10.0,Forward,0.08277631578947353,0.09808825939951168,-0.5482441641710002
135,21901296,2730,"Howard, Dwight",Los Angeles Lakers,1610612747,LAL,made,1,"Caruso, Alex",1627936,0.095,2,0,0,0,0.0,0,0,0.0,0,0,0.0,,,,,,,,,,,,,,,,,,,,,1610612747,LAL,Los Angeles,Dwight Howard,nan,nan,nan,13:51,2.0,2.0,1.0,0.0,0.0,0.0,4.0,5.0,0.8,3.0,2.0,5.0,0.0,0.0,0.0,0.0,3.0,8.0,-10.0,Center-Forward,0.08316204690831555,0.10142903801705985,0.11671167668664437
136,21901296,2730,"Howard, Dwight",Los Angeles Lakers,1610612747,LAL,made,1,"Waiters, Dion",203079,0.19,4,0,0,0,0.0,0,0,0.0,0,0,0.0,,,,,,,,,,,,,,,,,,,,,1610612747,LAL,Los Angeles,Dwight Howard,nan,nan,nan,13:51,2.0,2.0,1.0,0.0,0.0,0.0,4.0,5.0,0.8,3.0,2.0,5.0,0.0,0.0,0.0,0.0,3.0,8.0,-10.0,Center-Forward,0.08316204690831555,0.10142903801705985,1.0533270864080841
137,21901296,2730,"Howard, Dwight",Los Angeles Lakers,1610612747,LAL,made,1,"Davis, Anthony",203076,0.095,2,0,0,0,0.0,0,0,0.0,0,0,0.0,,,,,,,,,,,,,,,,,,,,,1610612747,LAL,Los Angeles,Dwight Howard,nan,nan,nan,13:51,2.0,2.0,1.0,0.0,0.0,0.0,4.0,5.0,0.8,3.0,2.0,5.0,0.0,0.0,0.0,0.0,3.0,8.0,-10.0,Center-Forward,0.08316204690831555,0.10142903801705985,0.11671167668664437
138,21901296,2730,"Howard, Dwight",Los Angeles Lakers,1610612747,LAL,made,1,"Green, Danny",201980,0.048,1,0,0,0,0.0,0,0,0.0,0,0,0.0,,,,,,,,,,,,,,,,,,,,,1610612747,LAL,Los Angeles,Dwight Howard,nan,nan,nan,13:51,2.0,2.0,1.0,0.0,0.0,0.0,4.0,5.0,0.8,3.0,2.0,5.0,0.0,0.0,0.0,0.0,3.0,8.0,-10.0,Center-Forward,0.08316204690831555,0.10142903801705985,-0.34666647338606793
139,21901296,2730,"Howard, Dwight",Los Angeles Lakers,1610612747,LAL,made,1,"James, LeBron",2544,0.571,12,0,2,4,0.5,0,2,0.0,2,2,1.0,,,,,,,,,,,,,,,,,,,,,1610612747,LAL,Los Angeles,Dwight Howard,nan,nan,nan,13:51,2.0,2.0,1.0,0.0,0.0,0.0,4.0,5.0,0.8,3.0,2.0,5.0,0.0,0.0,0.0,0.0,3.0,8.0,-10.0,Center-Forward,0.08316204690831555,0.10142903801705985,4.809647834869858
140,21901296,201580,"McGee, JaVale",Los Angeles Lakers,1610612747,LAL,made,1,"Kuzma, Kyle",1628398,0.214,3,0,0,0,0.0,0,0,0.0,0,0,0.0,,,,,,,,,,,,,,,,,,,,,1610612747,LAL,Los Angeles,JaVale McGee,nan,C,nan,15:43,1.0,2.0,0.5,0.0,0.0,0.0,2.0,2.0,1.0,2.0,3.0,5.0,0.0,1.0,0.0,1.0,3.0,4.0,-5.0,Center-Forward,0.08316204690831555,0.10142903801705985,1.2899457162324477
141,21901296,201580,"McGee, JaVale",Los Angeles Lakers,1610612747,LAL,made,1,"Caruso, Alex",1627936,0.071,1,0,0,0,0.0,0,0,0.0,0,0,0.0,,,,,,,,,,,,,,,,,,,,,1610612747,LAL,Los Angeles,JaVale McGee,nan,C,nan,15:43,1.0,2.0,0.5,0.0,0.0,0.0,2.0,2.0,1.0,2.0,3.0,5.0,0.0,1.0,0.0,1.0,3.0,4.0,-5.0,Center-Forward,0.08316204690831555,0.10142903801705985,-0.11990695313771942
142,21901296,201580,"McGee, JaVale",Los Angeles Lakers,1610612747,LAL,made,1,"Green, Danny",201980,0.214,3,0,0,1,0.0,0,1,0.0,0,0,0.0,,,,,,,,,,,,,,,,,,,,,1610612747,LAL,Los Angeles,JaVale McGee,nan,C,nan,15:43,1.0,2.0,0.5,0.0,0.0,0.0,2.0,2.0,1.0,2.0,3.0,5.0,0.0,1.0,0.0,1.0,3.0,4.0,-5.0,Center-Forward,0.08316204690831555,0.10142903801705985,1.2899457162324477
143,21901296,201580,"McGee, JaVale",Los Angeles Lakers,1610612747,LAL,made,1,"James, LeBron",2544,0.5,7,0,0,2,0.0,0,1,0.0,0,1,0.0,,,,,,,,,,,,,,,,,,,,,1610612747,LAL,Los Angeles,JaVale McGee,nan,C,nan,15:43,1.0,2.0,0.5,0.0,0.0,0.0,2.0,2.0,1.0,2.0,3.0,5.0,0.0,1.0,0.0,1.0,3.0,4.0,-5.0,Center-Forward,0.08316204690831555,0.10142903801705985,4.109651054972782
144,21901296,201980,"Green, Danny",Los Angeles Lakers,1610612747,LAL,made,1,"Kuzma, Kyle",1628398,0.05,2,0,0,0,0.0,0,0,0.0,0,0,0.0,,,,,,,,,,,,,,,,,,,,,1610612747,LAL,Los Angeles,Danny Green,nan,G,nan,30:03:00,4.0,10.0,0.4,3.0,5.0,0.6,0.0,0.0,0.0,2.0,0.0,2.0,1.0,0.0,0.0,0.0,0.0,11.0,-3.0,Guard,0.07579927228623384,0.07772953644911912,-0.3319107956229966
145,21901296,201980,"Green, Danny",Los Angeles Lakers,1610612747,LAL,made,1,"Caruso, Alex",1627936,0.025,1,0,0,0,0.0,0,0,0.0,0,0,0.0,,,,,,,,,,,,,,,,,,,,,1610612747,LAL,Los Angeles,Danny Green,nan,G,nan,30:03:00,4.0,10.0,0.4,3.0,5.0,0.6,0.0,0.0,0.0,2.0,0.0,2.0,1.0,0.0,0.0,0.0,0.0,11.0,-3.0,Guard,0.07579927228623384,0.07772953644911912,-0.6535388554579439
146,21901296,201980,"Green, Danny",Los Angeles Lakers,1610612747,LAL,made,1,"Waiters, Dion",203079,0.075,3,0,0,0,0.0,0,0,0.0,0,0,0.0,,,,,,,,,,,,,,,,,,,,,1610612747,LAL,Los Angeles,Danny Green,nan,G,nan,30:03:00,4.0,10.0,0.4,3.0,5.0,0.6,0.0,0.0,0.0,2.0,0.0,2.0,1.0,0.0,0.0,0.0,0.0,11.0,-3.0,Guard,0.07579927228623384,0.07772953644911912,-0.010282735788049379
147,21901296,201980,"Green, Danny",Los Angeles Lakers,1610612747,LAL,made,1,"Davis, Anthony",203076,0.175,7,0,0,1,0.0,0,1,0.0,0,0,0.0,,,,,,,,,,,,,,,,,,,,,1610612747,LAL,Los Angeles,Danny Green,nan,G,nan,30:03:00,4.0,10.0,0.4,3.0,5.0,0.6,0.0,0.0,0.0,2.0,0.0,2.0,1.0,0.0,0.0,0.0,0.0,11.0,-3.0,Guard,0.07579927228623384,0.07772953644911912,1.2762295035517397
148,21901296,201980,"Green, Danny",Los Angeles Lakers,1610612747,LAL,made,1,"McGee, JaVale",201580,0.125,5,1,1,2,0.5,1,2,0.5,0,0,0.0,,,,,,,,,,,,,,,,,,,,,1610612747,LAL,Los Angeles,Danny Green,nan,G,nan,30:03:00,4.0,10.0,0.4,3.0,5.0,0.6,0.0,0.0,0.0,2.0,0.0,2.0,1.0,0.0,0.0,0.0,0.0,11.0,-3.0,Guard,0.07579927228623384,0.07772953644911912,0.6329733838818452
149,21901296,201980,"Green, Danny",Los Angeles Lakers,1610612747,LAL,made,1,"James, LeBron",2544,0.55,22,0,1,6,0.167,1,6,0.167,0,0,0.0,,,,,,,,,,,,,,,,,,,,,1610612747,LAL,Los Angeles,Danny Green,nan,G,nan,30:03:00,4.0,10.0,0.4,3.0,5.0,0.6,0.0,0.0,0.0,2.0,0.0,2.0,1.0,0.0,0.0,0.0,0.0,11.0,-3.0,Guard,0.07579927228623384,0.07772953644911912,6.100650401075949
150,21901296,203076,"Davis, Anthony",Los Angeles Lakers,1610612747,LAL,made,1,"Kuzma, Kyle",1628398,0.167,7,2,2,3,0.667,1,1,1.0,1,2,0.5,,,,,,,,,,,,,,,,,,,,,1610612747,LAL,Los Angeles,Anthony Davis,nan,F,nan,38:02:00,9.0,15.0,0.6,0.0,1.0,0.0,9.0,12.0,0.75,4.0,2.0,6.0,5.0,3.0,2.0,2.0,1.0,27.0,13.0,Forward-Center,0.07763774733637752,0.10299718638018637,0.8676183865233542
151,21901296,203076,"Davis, Anthony",Los Angeles Lakers,1610612747,LAL,made,1,"Caruso, Alex",1627936,0.119,5,0,0,0,0.0,0,0,0.0,0,0,0.0,,,,,,,,,,,,,,,,,,,,,1610612747,LAL,Los Angeles,Anthony Davis,nan,F,nan,38:02:00,9.0,15.0,0.6,0.0,1.0,0.0,9.0,12.0,0.75,4.0,2.0,6.0,5.0,3.0,2.0,2.0,1.0,27.0,13.0,Forward-Center,0.07763774733637752,0.10299718638018637,0.40158623858854614
152,21901296,203076,"Davis, Anthony",Los Angeles Lakers,1610612747,LAL,made,1,"Waiters, Dion",203079,0.095,4,0,1,1,1.0,1,1,1.0,0,0,0.0,,,,,,,,,,,,,,,,,,,,,1610612747,LAL,Los Angeles,Anthony Davis,nan,F,nan,38:02:00,9.0,15.0,0.6,0.0,1.0,0.0,9.0,12.0,0.75,4.0,2.0,6.0,5.0,3.0,2.0,2.0,1.0,27.0,13.0,Forward-Center,0.07763774733637752,0.10299718638018637,0.16857016462114222
153,21901296,203076,"Davis, Anthony",Los Angeles Lakers,1610612747,LAL,made,1,"Green, Danny",201980,0.071,3,0,0,0,0.0,0,0,0.0,0,0,0.0,,,,,,,,,,,,,,,,,,,,,1610612747,LAL,Los Angeles,Anthony Davis,nan,F,nan,38:02:00,9.0,15.0,0.6,0.0,1.0,0.0,9.0,12.0,0.75,4.0,2.0,6.0,5.0,3.0,2.0,2.0,1.0,27.0,13.0,Forward-Center,0.07763774733637752,0.10299718638018637,-0.0644459093462618
154,21901296,203076,"Davis, Anthony",Los Angeles Lakers,1610612747,LAL,made,1,"McGee, JaVale",201580,0.024,1,0,0,1,0.0,0,1,0.0,0,0,0.0,,,,,,,,,,,,,,,,,,,,,1610612747,LAL,Los Angeles,Anthony Davis,nan,F,nan,38:02:00,9.0,15.0,0.6,0.0,1.0,0.0,9.0,12.0,0.75,4.0,2.0,6.0,5.0,3.0,2.0,2.0,1.0,27.0,13.0,Forward-Center,0.07763774733637752,0.10299718638018637,-0.5207690541990945
155,21901296,203076,"Davis, Anthony",Los Angeles Lakers,1610612747,LAL,made,1,"Howard, Dwight",2730,0.024,1,0,0,0,0.0,0,0,0.0,0,0,0.0,,,,,,,,,,,,,,,,,,,,,1610612747,LAL,Los Angeles,Anthony Davis,nan,F,nan,38:02:00,9.0,15.0,0.6,0.0,1.0,0.0,9.0,12.0,0.75,4.0,2.0,6.0,5.0,3.0,2.0,2.0,1.0,27.0,13.0,Forward-Center,0.07763774733637752,0.10299718638018637,-0.5207690541990945
156,21901296,203076,"Davis, Anthony",Los Angeles Lakers,1610612747,LAL,made,1,"James, LeBron",2544,0.5,21,3,3,6,0.5,0,0,0.0,3,6,0.5,,,,,,,,,,,,,,,,,,,,,1610612747,LAL,Los Angeles,Anthony Davis,nan,F,nan,38:02:00,9.0,15.0,0.6,0.0,1.0,0.0,9.0,12.0,0.75,4.0,2.0,6.0,5.0,3.0,2.0,2.0,1.0,27.0,13.0,Forward-Center,0.07763774733637752,0.10299718638018637,4.100716412821084
157,21901296,1627936,"Caruso, Alex",Los Angeles Lakers,1610612747,LAL,made,1,"Kuzma, Kyle",1628398,0.185,5,2,2,4,0.5,1,2,0.5,1,2,0.5,,,,,,,,,,,,,,,,,,,,,1610612747,LAL,Los Angeles,Alex Caruso,nan,nan,nan,19:50,0.0,1.0,0.0,0.0,0.0,0.0,0.0,2.0,0.0,0.0,0.0,0.0,4.0,2.0,0.0,0.0,2.0,0.0,21.0,Guard,0.07579927228623384,0.07772953644911912,1.4048807274857187
158,21901296,1627936,"Caruso, Alex",Los Angeles Lakers,1610612747,LAL,made,1,"Waiters, Dion",203079,0.222,6,2,3,3,1.0,2,2,1.0,1,1,1.0,,,,,,,,,,,,,,,,,,,,,1610612747,LAL,Los Angeles,Alex Caruso,nan,nan,nan,19:50,0.0,1.0,0.0,0.0,0.0,0.0,0.0,2.0,0.0,0.0,0.0,0.0,4.0,2.0,0.0,0.0,2.0,0.0,21.0,Guard,0.07579927228623384,0.07772953644911912,1.8808902560414407
159,21901296,1627936,"Caruso, Alex",Los Angeles Lakers,1610612747,LAL,made,1,"Davis, Anthony",203076,0.259,7,0,0,2,0.0,0,2,0.0,0,0,0.0,,,,,,,,,,,,,,,,,,,,,1610612747,LAL,Los Angeles,Alex Caruso,nan,nan,nan,19:50,0.0,1.0,0.0,0.0,0.0,0.0,0.0,2.0,0.0,0.0,0.0,0.0,4.0,2.0,0.0,0.0,2.0,0.0,21.0,Guard,0.07579927228623384,0.07772953644911912,2.3568997845971627
160,21901296,1627936,"Caruso, Alex",Los Angeles Lakers,1610612747,LAL,made,1,"Morris, Markieff",202693,0.037,1,0,0,0,0.0,0,0,0.0,0,0,0.0,,,,,,,,,,,,,,,,,,,,,1610612747,LAL,Los Angeles,Alex Caruso,nan,nan,nan,19:50,0.0,1.0,0.0,0.0,0.0,0.0,0.0,2.0,0.0,0.0,0.0,0.0,4.0,2.0,0.0,0.0,2.0,0.0,21.0,Guard,0.07579927228623384,0.07772953644911912,-0.49915738673716925
161,21901296,1627936,"Caruso, Alex",Los Angeles Lakers,1610612747,LAL,made,1,"Green, Danny",201980,0.074,2,0,0,0,0.0,0,0,0.0,0,0,0.0,,,,,,,,,,,,,,,,,,,,,1610612747,LAL,Los Angeles,Alex Caruso,nan,nan,nan,19:50,0.0,1.0,0.0,0.0,0.0,0.0,0.0,2.0,0.0,0.0,0.0,0.0,4.0,2.0,0.0,0.0,2.0,0.0,21.0,Guard,0.07579927228623384,0.07772953644911912,-0.02314785818144728
162,21901296,1627936,"Caruso, Alex",Los Angeles Lakers,1610612747,LAL,made,1,"Howard, Dwight",2730,0.037,1,0,0,1,0.0,0,1,0.0,0,0,0.0,,,,,,,,,,,,,,,,,,,,,1610612747,LAL,Los Angeles,Alex Caruso,nan,nan,nan,19:50,0.0,1.0,0.0,0.0,0.0,0.0,0.0,2.0,0.0,0.0,0.0,0.0,4.0,2.0,0.0,0.0,2.0,0.0,21.0,Guard,0.07579927228623384,0.07772953644911912,-0.49915738673716925
163,21901296,1627936,"Caruso, Alex",Los Angeles Lakers,1610612747,LAL,made,1,"James, LeBron",2544,0.185,5,0,1,2,0.5,1,2,0.5,0,0,0.0,,,,,,,,,,,,,,,,,,,,,1610612747,LAL,Los Angeles,Alex Caruso,nan,nan,nan,19:50,0.0,1.0,0.0,0.0,0.0,0.0,0.0,2.0,0.0,0.0,0.0,0.0,4.0,2.0,0.0,0.0,2.0,0.0,21.0,Guard,0.07579927228623384,0.07772953644911912,1.4048807274857187
164,21901296,1628398,"Kuzma, Kyle",Los Angeles Lakers,1610612747,LAL,made,1,"Caruso, Alex",1627936,0.042,1,0,0,0,0.0,0,0,0.0,0,0,0.0,,,,,,,,,,,,,,,,,,,,,1610612747,LAL,Los Angeles,Kyle Kuzma,nan,G,nan,32:55:00,11.0,16.0,0.688,3.0,5.0,0.6,0.0,0.0,0.0,1.0,5.0,6.0,3.0,2.0,0.0,1.0,2.0,25.0,16.0,Forward,0.08277631578947353,0.09808825939951168,-0.4157104636080078
165,21901296,1628398,"Kuzma, Kyle",Los Angeles Lakers,1610612747,LAL,made,1,"Waiters, Dion",203079,0.125,3,0,0,0,0.0,0,0,0.0,0,0,0.0,,,,,,,,,,,,,,,,,,,,,1610612747,LAL,Los Angeles,Kyle Kuzma,nan,G,nan,32:55:00,11.0,16.0,0.688,3.0,5.0,0.6,0.0,0.0,0.0,1.0,5.0,6.0,3.0,2.0,0.0,1.0,2.0,25.0,16.0,Forward,0.08277631578947353,0.09808825939951168,0.4304662399864817
166,21901296,1628398,"Kuzma, Kyle",Los Angeles Lakers,1610612747,LAL,made,1,"Davis, Anthony",203076,0.25,6,2,2,2,1.0,2,2,1.0,0,0,0.0,,,,,,,,,,,,,,,,,,,,,1610612747,LAL,Los Angeles,Kyle Kuzma,nan,G,nan,32:55:00,11.0,16.0,0.688,3.0,5.0,0.6,0.0,0.0,0.0,1.0,5.0,6.0,3.0,2.0,0.0,1.0,2.0,25.0,16.0,Forward,0.08277631578947353,0.09808825939951168,1.7048287453998696
167,21901296,1628398,"Kuzma, Kyle",Los Angeles Lakers,1610612747,LAL,made,1,"Morris, Markieff",202693,0.042,1,0,0,0,0.0,0,0,0.0,0,0,0.0,,,,,,,,,,,,,,,,,,,,,1610612747,LAL,Los Angeles,Kyle Kuzma,nan,G,nan,32:55:00,11.0,16.0,0.688,3.0,5.0,0.6,0.0,0.0,0.0,1.0,5.0,6.0,3.0,2.0,0.0,1.0,2.0,25.0,16.0,Forward,0.08277631578947353,0.09808825939951168,-0.4157104636080078
168,21901296,1628398,"Kuzma, Kyle",Los Angeles Lakers,1610612747,LAL,made,1,"Green, Danny",201980,0.125,3,0,0,2,0.0,0,1,0.0,0,1,0.0,,,,,,,,,,,,,,,,,,,,,1610612747,LAL,Los Angeles,Kyle Kuzma,nan,G,nan,32:55:00,11.0,16.0,0.688,3.0,5.0,0.6,0.0,0.0,0.0,1.0,5.0,6.0,3.0,2.0,0.0,1.0,2.0,25.0,16.0,Forward,0.08277631578947353,0.09808825939951168,0.4304662399864817
169,21901296,1628398,"Kuzma, Kyle",Los Angeles Lakers,1610612747,LAL,made,1,"McGee, JaVale",201580,0.042,1,0,0,0,0.0,0,0,0.0,0,0,0.0,,,,,,,,,,,,,,,,,,,,,1610612747,LAL,Los Angeles,Kyle Kuzma,nan,G,nan,32:55:00,11.0,16.0,0.688,3.0,5.0,0.6,0.0,0.0,0.0,1.0,5.0,6.0,3.0,2.0,0.0,1.0,2.0,25.0,16.0,Forward,0.08277631578947353,0.09808825939951168,-0.4157104636080078
170,21901296,1628398,"Kuzma, Kyle",Los Angeles Lakers,1610612747,LAL,made,1,"James, LeBron",2544,0.375,9,1,1,1,1.0,1,1,1.0,0,0,0.0,,,,,,,,,,,,,,,,,,,,,1610612747,LAL,Los Angeles,Kyle Kuzma,nan,G,nan,32:55:00,11.0,16.0,0.688,3.0,5.0,0.6,0.0,0.0,0.0,1.0,5.0,6.0,3.0,2.0,0.0,1.0,2.0,25.0,16.0,Forward,0.08277631578947353,0.09808825939951168,2.9791912508132574
